"";"plot";"study";"site";"disturbance_type";"taxonomic_group";"year_after_dist";"treatment";"area";"Accipiter_nisus";"Anthus_pratensis";"Anthus_spinoletta";"Anthus_trivialis";"Bonasa_bonasia";"Buteo_buteo";"Carduelis_cannabina";"Carduelis_carduelis";"Carduelis_chloris";"Carduelis_flammea";"Carduelis_spinus";"Coccothraustes_coccothraustes";"Columba_palumbus";"Corvus_corax";"Cuculus_canorus";"Dendrocopos_major";"Dryocopus_martius";"Emberiza_citrinella";"Emberiza_schoeniclus";"Erithacus_rubecula";"Falco_peregrinus";"Falco_tinnunculus";"Fringilla_coelebs";"Fringilla_montifringilla";"Garrulus_glandarius";"Hirundo_rustica";"Lanius_collurio";"Loxia_curvirostra";"Lullula_arborea";"Motacilla_alba";"Motacilla_cinerea";"Oenanthe_oenanthe";"Parus_ater";"Parus_cristatus";"Parus_major";"Parus_montanus";"Phoenicurus_ochruros";"Phoenicurus_phoenicurus";"Phylloscopus_collybita";"Phylloscopus_trochilus";"Picoides_tridactylus";"Picus_viridis";"Prunella_modularis";"Pyrrhula_pyrrhula";"Regulus_ignicapilla";"Regulus_regulus";"Sitta_europaea";"Sturnus_vulgaris";"Sylvia_atricapilla";"Sylvia_borin";"Sylvia_curruca";"Tetrao_urogallus";"Troglodytes_troglodytes";"Turdus_merula";"Turdus_philomelos";"Turdus_pilaris";"Turdus_torquatus";"Turdus_viscivorus"
"27";"FAE_45";"Werner & Thorn Vogeldaten Bayerwald";"bayerwald";"wind";"birds";5;"salvaged";"0,7854";0;0;0;1;0;0;0;0;0;0;0;0;0;0;0;0;0;0;0;0;0;0;3;0;0;0;0;0;0;0;0;0;0;0;0;0;1;0;0;0;0;0;1;0;1;1;0;0;1;0;0;0;0;0;0;0;0;0
"6";"FAE_45";"Werner & Thorn Vogeldaten Bayerwald";"bayerwald";"wind";"birds";3;"salvaged";"0,7854";0;0;0;1;0;0;0;0;0;0;0;0;0;0;0;0;0;0;0;1;0;0;2;0;0;0;0;0;0;0;0;0;5;0;0;0;0;0;0;0;0;0;0;0;0;1;1;0;0;1;0;0;3;0;0;0;0;0
"48";"FAE_45";"Werner & Thorn Vogeldaten Bayerwald";"bayerwald";"wind";"birds";7;"salvaged";"0,7854";0;0;0;6;0;0;0;0;0;0;2;0;1;0;0;0;0;0;0;0;0;0;4;0;0;0;0;0;0;0;0;0;2;0;0;0;0;0;0;0;2;0;0;0;0;0;0;0;0;0;0;0;2;0;2;0;0;0
"7";"FAE_47";"Werner & Thorn Vogeldaten Bayerwald";"bayerwald";"wind";"birds";3;"salvaged";"0,7854";0;0;0;1;0;0;0;0;0;0;0;0;0;0;0;0;0;0;0;1;0;0;3;0;0;0;0;0;0;0;0;0;3;0;0;1;0;0;1;0;0;0;0;0;0;0;0;0;0;0;0;0;2;0;0;0;0;0
"49";"FAE_47";"Werner & Thorn Vogeldaten Bayerwald";"bayerwald";"wind";"birds";7;"salvaged";"0,7854";0;0;0;3;0;0;0;0;0;0;0;1;0;0;0;0;0;0;0;0;0;0;4;0;3;0;0;0;0;0;0;0;1;0;0;0;0;1;0;2;0;0;2;0;0;0;0;0;0;0;0;0;1;2;0;0;0;0
"28";"FAE_47";"Werner & Thorn Vogeldaten Bayerwald";"bayerwald";"wind";"birds";5;"salvaged";"0,7854";0;0;0;2;0;0;0;0;0;0;0;0;0;0;0;0;0;0;0;0;0;0;2;0;0;0;0;2;0;0;0;0;1;0;1;0;0;0;0;1;0;0;1;0;1;0;0;0;0;0;0;1;2;0;0;0;0;0
"29";"FAE_48";"Werner & Thorn Vogeldaten Bayerwald";"bayerwald";"wind";"birds";5;"salvaged";"0,7854";0;0;0;1;0;0;0;0;0;0;0;0;0;0;0;0;0;0;0;0;0;0;2;0;0;0;0;4;0;0;0;0;0;0;1;0;0;1;0;1;0;0;1;0;0;0;0;0;0;0;0;0;0;0;0;0;0;0
"50";"FAE_48";"Werner & Thorn Vogeldaten Bayerwald";"bayerwald";"wind";"birds";7;"salvaged";"0,7854";0;0;1;4;0;0;0;0;0;0;0;0;0;0;0;0;0;0;0;0;0;0;7;0;0;0;0;0;0;0;0;0;0;0;0;0;0;0;0;0;0;0;1;0;0;0;0;0;0;0;0;0;2;1;0;0;0;2
"8";"FAE_48";"Werner & Thorn Vogeldaten Bayerwald";"bayerwald";"wind";"birds";3;"salvaged";"0,7854";0;0;0;0;0;0;0;0;0;0;0;0;0;0;0;0;0;0;0;0;0;0;4;0;0;0;0;0;0;0;0;0;1;0;0;1;0;0;0;0;0;0;0;0;0;1;0;0;0;0;0;0;0;0;0;0;0;1
"30";"FAE_49";"Werner & Thorn Vogeldaten Bayerwald";"bayerwald";"wind";"birds";5;"salvaged";"0,7854";0;0;0;3;0;0;0;0;0;0;0;0;0;0;0;0;0;0;0;0;0;0;0;0;0;0;0;0;0;0;0;0;0;0;1;0;0;1;0;1;0;0;0;0;0;0;0;0;1;0;0;0;0;0;0;0;0;1
"51";"FAE_49";"Werner & Thorn Vogeldaten Bayerwald";"bayerwald";"wind";"birds";7;"salvaged";"0,7854";0;0;4;1;0;0;0;1;0;0;0;0;0;0;0;0;0;0;0;0;0;0;8;3;0;1;0;0;0;0;0;0;1;0;0;0;0;0;0;2;0;0;2;0;0;1;0;0;0;0;0;0;0;1;1;0;0;3
"9";"FAE_49";"Werner & Thorn Vogeldaten Bayerwald";"bayerwald";"wind";"birds";3;"salvaged";"0,7854";0;0;0;1;0;0;0;0;0;0;0;0;0;0;0;0;0;0;0;0;0;0;1;0;0;0;0;1;0;0;0;0;0;0;0;0;0;0;0;0;0;0;2;0;0;0;0;0;0;0;0;0;0;0;0;0;0;0
"31";"FAE_50";"Werner & Thorn Vogeldaten Bayerwald";"bayerwald";"wind";"birds";5;"salvaged";"0,7854";0;0;0;2;0;0;0;0;0;0;0;0;0;0;0;0;0;0;0;0;0;0;1;0;0;0;0;0;0;0;0;0;0;0;0;0;0;0;0;2;0;0;1;0;0;0;0;0;0;0;0;0;0;0;0;0;0;0
"52";"FAE_50";"Werner & Thorn Vogeldaten Bayerwald";"bayerwald";"wind";"birds";7;"salvaged";"0,7854";0;0;1;1;0;0;0;0;0;0;0;0;0;0;0;0;0;0;0;0;0;0;1;1;0;0;0;0;0;0;0;0;0;0;0;0;0;0;0;4;0;0;3;2;0;0;0;0;0;0;0;0;1;1;3;0;0;2
"10";"FAE_50";"Werner & Thorn Vogeldaten Bayerwald";"bayerwald";"wind";"birds";3;"salvaged";"0,7854";0;0;0;0;0;0;0;0;0;0;1;0;0;0;0;0;0;0;0;0;0;0;1;0;0;0;0;1;0;0;0;0;1;0;0;1;0;0;0;0;0;0;0;0;0;1;0;0;0;0;0;0;2;0;0;0;0;0
"53";"FAE_51";"Werner & Thorn Vogeldaten Bayerwald";"bayerwald";"wind";"birds";7;"salvaged";"0,7854";0;0;6;1;0;0;0;0;1;0;0;0;0;0;0;0;0;0;0;0;0;0;5;0;0;0;0;0;0;0;0;0;1;0;0;0;0;0;0;1;0;0;2;0;0;0;0;0;0;0;0;0;0;0;0;1;0;0
"11";"FAE_51";"Werner & Thorn Vogeldaten Bayerwald";"bayerwald";"wind";"birds";3;"salvaged";"0,7854";0;0;0;0;0;0;0;0;0;0;1;0;0;0;0;0;0;0;0;0;0;0;0;0;0;0;0;1;0;0;0;0;0;0;0;0;0;0;0;0;0;0;2;0;0;0;0;0;0;0;0;0;0;0;0;0;0;1
"32";"FAE_51";"Werner & Thorn Vogeldaten Bayerwald";"bayerwald";"wind";"birds";5;"salvaged";"0,7854";0;0;1;4;0;0;0;0;0;0;0;0;0;0;0;0;0;0;0;0;0;0;1;0;0;0;0;0;0;0;0;0;0;0;2;0;0;0;0;0;0;0;1;0;0;0;0;0;0;1;0;0;0;0;0;0;0;0
"54";"FAE_52";"Werner & Thorn Vogeldaten Bayerwald";"bayerwald";"wind";"birds";7;"salvaged";"0,7854";0;0;6;2;0;0;0;0;0;0;0;2;0;0;0;0;0;0;0;0;0;0;3;1;0;0;0;2;0;0;0;0;0;0;0;0;0;0;0;2;0;0;2;0;0;0;0;0;0;0;0;0;0;0;0;0;0;0
"33";"FAE_52";"Werner & Thorn Vogeldaten Bayerwald";"bayerwald";"wind";"birds";5;"salvaged";"0,7854";0;0;3;1;0;0;0;0;0;0;0;0;0;0;0;0;0;0;0;0;0;0;0;0;0;0;0;0;0;0;0;0;0;0;0;0;0;0;0;0;0;0;1;0;0;0;0;0;0;0;0;0;0;0;0;0;0;0
"12";"FAE_52";"Werner & Thorn Vogeldaten Bayerwald";"bayerwald";"wind";"birds";3;"salvaged";"0,7854";0;0;0;1;0;0;0;0;0;0;0;0;0;0;0;0;1;0;0;0;0;0;0;0;0;0;0;0;0;0;0;0;0;0;0;0;0;0;0;0;1;0;0;0;0;0;0;0;0;0;0;0;0;0;0;0;0;0
"34";"FAE_53";"Werner & Thorn Vogeldaten Bayerwald";"bayerwald";"wind";"birds";5;"salvaged";"0,7854";0;0;1;4;0;0;0;0;0;0;0;0;0;0;0;0;0;0;0;0;0;0;0;0;0;0;0;0;0;0;0;0;0;0;0;0;0;0;0;0;0;0;1;0;0;0;0;0;0;0;0;0;0;0;0;0;0;0
"55";"FAE_53";"Werner & Thorn Vogeldaten Bayerwald";"bayerwald";"wind";"birds";7;"salvaged";"0,7854";0;0;5;1;0;0;0;0;0;0;1;0;0;0;0;0;0;0;0;0;0;0;1;0;0;0;0;1;0;0;0;0;0;0;0;0;0;0;0;0;0;0;1;0;0;0;0;7;0;0;0;0;0;1;0;0;0;0
"13";"FAE_53";"Werner & Thorn Vogeldaten Bayerwald";"bayerwald";"wind";"birds";3;"salvaged";"0,7854";0;0;0;0;0;0;0;0;0;0;0;0;0;0;0;0;0;0;0;0;0;0;0;0;0;0;0;0;0;0;0;0;0;0;0;1;0;0;0;0;0;0;0;0;0;0;0;0;0;0;0;0;0;0;0;0;0;0
"56";"FAE_54";"Werner & Thorn Vogeldaten Bayerwald";"bayerwald";"wind";"birds";7;"salvaged";"0,7854";0;0;4;1;0;0;0;0;0;0;0;0;0;0;0;0;0;0;0;0;0;0;3;0;0;0;0;0;0;0;0;0;0;0;0;0;1;0;0;0;0;0;0;1;0;1;0;0;0;0;0;0;0;0;0;0;0;0
"14";"FAE_54";"Werner & Thorn Vogeldaten Bayerwald";"bayerwald";"wind";"birds";3;"salvaged";"0,7854";0;0;0;3;0;0;0;0;0;0;0;0;0;1;0;0;0;0;0;0;0;0;0;0;0;0;0;0;0;0;0;0;0;0;0;1;0;0;0;0;0;0;0;0;0;0;0;0;0;0;0;0;0;0;0;0;1;0
"35";"FAE_54";"Werner & Thorn Vogeldaten Bayerwald";"bayerwald";"wind";"birds";5;"salvaged";"0,7854";0;1;0;1;0;0;0;0;0;0;0;0;0;0;0;0;0;0;0;0;0;0;0;0;0;0;0;0;0;0;0;0;0;0;0;0;0;1;0;1;0;0;1;0;0;0;0;0;0;0;0;0;0;0;0;0;0;0
"57";"FAE_55";"Werner & Thorn Vogeldaten Bayerwald";"bayerwald";"wind";"birds";7;"salvaged";"0,7854";0;0;2;2;0;0;0;0;0;0;0;0;0;0;0;0;0;0;0;0;0;0;5;0;0;0;0;0;0;0;0;0;0;0;0;0;0;0;0;0;0;0;1;0;0;0;0;8;0;0;0;0;0;1;0;0;0;0
"15";"FAE_55";"Werner & Thorn Vogeldaten Bayerwald";"bayerwald";"wind";"birds";3;"salvaged";"0,7854";0;0;0;0;0;0;0;0;0;0;0;0;0;0;0;0;0;0;0;0;0;0;0;1;0;0;0;0;0;0;0;0;1;0;0;0;0;0;0;0;0;0;2;0;0;0;0;0;0;0;0;0;2;0;0;0;1;0
"36";"FAE_55";"Werner & Thorn Vogeldaten Bayerwald";"bayerwald";"wind";"birds";5;"salvaged";"0,7854";0;0;0;1;0;0;0;0;0;0;0;0;0;0;0;0;0;0;0;0;0;0;0;0;0;0;0;0;0;0;0;0;0;0;0;0;1;1;0;0;0;0;0;0;0;0;0;0;0;1;0;0;0;0;0;0;0;0
"58";"FAE_56";"Werner & Thorn Vogeldaten Bayerwald";"bayerwald";"wind";"birds";7;"salvaged";"0,7854";0;0;0;2;0;0;0;0;0;0;0;0;0;0;0;0;0;0;0;1;0;0;5;0;0;0;0;5;0;0;0;0;4;0;0;0;0;0;0;1;0;0;1;2;0;0;0;0;0;0;0;0;3;0;0;0;0;0
"16";"FAE_56";"Werner & Thorn Vogeldaten Bayerwald";"bayerwald";"wind";"birds";3;"salvaged";"0,7854";0;0;0;0;0;0;0;0;0;0;0;0;0;0;0;0;0;0;0;0;0;0;2;0;0;0;0;0;0;0;0;0;1;0;0;0;0;0;2;0;0;0;0;0;0;0;0;0;0;1;0;0;1;0;0;0;0;0
"37";"FAE_56";"Werner & Thorn Vogeldaten Bayerwald";"bayerwald";"wind";"birds";5;"salvaged";"0,7854";0;0;0;1;0;0;0;0;0;0;0;0;0;0;0;0;0;0;0;0;0;0;2;0;0;0;0;0;0;0;0;0;1;0;0;0;0;0;0;0;0;0;0;0;0;0;0;0;0;0;0;0;1;0;0;0;0;0
"25";"FKN_11";"Werner & Thorn Vogeldaten Bayerwald";"bayerwald";"wind";"birds";5;"salvaged";"0,7854";0;0;0;4;0;0;0;0;0;0;1;0;0;0;0;0;0;0;0;0;0;0;4;0;0;0;0;0;0;0;0;0;0;0;0;0;0;0;0;0;0;0;0;0;0;0;0;0;0;0;0;0;2;0;0;0;0;0
"4";"FKN_11";"Werner & Thorn Vogeldaten Bayerwald";"bayerwald";"wind";"birds";3;"salvaged";"0,7854";0;0;0;0;0;0;0;0;0;0;2;0;0;0;0;0;0;0;0;1;0;0;2;0;0;0;0;1;0;0;0;0;2;0;0;0;1;0;0;0;0;0;0;0;0;0;0;0;0;0;0;0;0;0;0;0;0;0
"46";"FKN_11";"Werner & Thorn Vogeldaten Bayerwald";"bayerwald";"wind";"birds";7;"salvaged";"0,7854";0;0;0;0;0;0;0;0;0;0;0;0;0;0;0;0;0;0;0;0;0;0;4;0;0;0;0;0;0;0;0;0;3;0;0;0;0;0;1;0;0;0;1;0;0;0;0;0;0;0;0;0;2;0;0;0;0;0
"47";"FKN_12";"Werner & Thorn Vogeldaten Bayerwald";"bayerwald";"wind";"birds";7;"salvaged";"0,7854";0;0;4;0;0;0;0;0;0;0;0;0;0;0;0;0;0;0;0;0;0;0;1;0;0;0;0;0;0;0;0;0;1;0;0;0;0;0;0;0;0;0;0;0;0;0;0;0;0;0;0;0;1;0;0;0;0;1
"5";"FKN_12";"Werner & Thorn Vogeldaten Bayerwald";"bayerwald";"wind";"birds";3;"salvaged";"0,7854";0;0;0;2;0;0;0;0;0;0;0;0;0;0;0;0;0;0;0;0;0;0;0;0;0;0;0;0;0;0;0;0;2;0;0;0;0;1;0;0;0;0;1;0;0;0;0;0;0;0;0;0;1;0;0;0;0;0
"26";"FKN_12";"Werner & Thorn Vogeldaten Bayerwald";"bayerwald";"wind";"birds";5;"salvaged";"0,7854";0;0;0;2;0;0;0;0;0;0;0;0;0;0;0;0;0;0;0;0;0;0;0;0;0;0;0;0;0;0;0;0;0;0;0;0;0;0;0;0;0;0;0;1;0;0;0;0;0;0;0;0;0;0;0;0;0;0
"110";"FKN_13";"Werner & Thorn Vogeldaten Bayerwald";"bayerwald";"wind";"birds";7;"unsalvaged";"0,7854";0;0;3;2;0;0;0;0;0;0;1;0;0;0;0;0;0;0;1;1;0;0;2;0;0;0;0;0;0;0;0;0;1;0;0;0;1;0;0;0;0;0;1;0;0;0;0;0;0;0;0;0;0;0;0;0;0;0
"68";"FKN_13";"Werner & Thorn Vogeldaten Bayerwald";"bayerwald";"wind";"birds";3;"unsalvaged";"0,7854";0;0;0;0;0;0;0;0;0;0;0;0;0;0;0;0;0;0;0;0;0;0;0;0;0;0;0;0;0;0;0;0;2;0;0;0;0;0;0;0;1;0;0;0;0;0;0;0;0;0;0;0;1;0;0;0;0;0
"89";"FKN_13";"Werner & Thorn Vogeldaten Bayerwald";"bayerwald";"wind";"birds";5;"unsalvaged";"0,7854";0;0;0;3;0;0;0;0;0;0;0;0;0;0;0;0;0;0;0;0;0;0;1;0;0;0;0;1;0;0;0;0;0;0;0;0;0;0;0;0;0;0;0;0;0;0;0;0;1;0;0;0;0;0;0;0;2;0
"85";"FKO_10";"Werner & Thorn Vogeldaten Bayerwald";"bayerwald";"wind";"birds";5;"unsalvaged";"0,7854";0;0;0;0;0;0;0;0;0;0;0;0;0;0;0;0;0;0;0;0;0;0;5;0;0;0;0;4;0;0;0;0;1;0;0;0;0;0;0;2;0;0;0;0;0;0;0;0;1;0;0;0;2;0;0;0;0;0
"106";"FKO_10";"Werner & Thorn Vogeldaten Bayerwald";"bayerwald";"wind";"birds";7;"unsalvaged";"0,7854";0;0;0;0;0;0;0;0;0;0;2;0;0;0;0;0;0;0;0;1;0;0;8;0;0;0;0;0;0;0;0;0;5;0;0;0;0;0;0;0;0;0;0;0;1;3;0;0;0;0;0;0;3;1;0;0;1;0
"64";"FKO_10";"Werner & Thorn Vogeldaten Bayerwald";"bayerwald";"wind";"birds";3;"unsalvaged";"0,7854";0;0;0;0;0;0;0;0;0;0;3;0;0;0;0;0;0;0;0;0;0;0;3;0;0;0;0;0;0;0;0;0;4;0;0;0;0;0;0;0;0;0;0;0;0;1;0;0;0;1;0;0;1;0;0;0;0;0
"1";"FKO_4";"Werner & Thorn Vogeldaten Bayerwald";"bayerwald";"wind";"birds";3;"salvaged";"0,7854";0;0;0;2;0;0;0;0;0;0;0;0;0;0;0;0;0;0;0;0;0;0;0;0;0;0;0;0;0;0;0;0;1;0;0;0;0;1;0;1;0;0;2;0;0;0;0;0;0;0;0;0;0;0;0;0;0;0
"22";"FKO_4";"Werner & Thorn Vogeldaten Bayerwald";"bayerwald";"wind";"birds";5;"salvaged";"0,7854";0;0;0;1;0;0;0;0;0;0;1;0;0;0;0;0;0;0;0;1;0;0;0;0;0;0;0;0;0;0;0;0;0;0;0;0;0;0;0;3;0;0;3;0;0;0;0;0;0;0;0;0;0;0;0;0;0;0
"43";"FKO_4";"Werner & Thorn Vogeldaten Bayerwald";"bayerwald";"wind";"birds";7;"salvaged";"0,7854";0;0;0;1;0;0;0;0;0;0;0;0;0;0;0;0;0;0;0;0;0;0;1;0;0;0;0;0;0;0;0;0;1;2;0;0;0;0;0;2;0;0;6;0;0;5;0;0;0;0;0;0;1;0;1;0;0;1
"2";"FKO_5";"Werner & Thorn Vogeldaten Bayerwald";"bayerwald";"wind";"birds";3;"salvaged";"0,7854";0;0;0;1;0;0;0;0;0;0;0;0;0;0;0;0;0;0;0;0;0;0;0;0;0;0;0;0;0;0;0;0;0;0;0;0;0;0;0;1;0;0;1;0;0;0;0;0;0;0;0;0;3;0;0;0;0;0
"23";"FKO_5";"Werner & Thorn Vogeldaten Bayerwald";"bayerwald";"wind";"birds";5;"salvaged";"0,7854";0;0;0;3;0;0;0;0;0;0;1;0;0;0;0;0;0;0;0;0;0;0;0;0;0;0;0;2;0;0;0;0;0;0;0;0;1;0;0;1;0;0;0;0;0;0;0;0;0;2;0;0;0;0;0;0;1;0
"44";"FKO_5";"Werner & Thorn Vogeldaten Bayerwald";"bayerwald";"wind";"birds";7;"salvaged";"0,7854";0;0;0;0;0;0;0;0;0;0;0;0;0;0;0;0;0;0;0;0;0;0;2;0;0;0;0;0;0;0;0;0;0;0;0;0;0;0;0;0;0;0;0;0;0;0;0;0;0;0;0;0;0;0;0;0;0;0
"45";"FKO_6";"Werner & Thorn Vogeldaten Bayerwald";"bayerwald";"wind";"birds";7;"salvaged";"0,7854";0;0;0;0;0;0;0;0;0;0;0;0;0;0;0;0;0;0;0;0;0;0;0;0;0;0;0;0;0;0;0;0;2;0;1;0;0;0;0;0;1;0;1;0;0;0;0;0;0;0;0;0;1;0;0;0;0;0
"3";"FKO_6";"Werner & Thorn Vogeldaten Bayerwald";"bayerwald";"wind";"birds";3;"salvaged";"0,7854";0;0;0;0;0;0;0;0;0;0;0;0;0;0;0;0;0;0;0;2;0;0;0;0;0;0;0;0;0;0;0;0;1;0;2;0;0;0;0;0;0;0;3;0;0;0;0;0;0;0;0;0;2;0;0;0;0;0
"24";"FKO_6";"Werner & Thorn Vogeldaten Bayerwald";"bayerwald";"wind";"birds";5;"salvaged";"0,7854";0;0;0;1;0;0;0;0;0;0;1;0;0;0;0;0;0;0;0;0;0;0;2;0;0;0;0;0;0;0;0;0;0;0;0;0;0;0;0;0;0;0;1;1;0;0;0;0;0;0;0;0;0;0;0;0;0;0
"107";"FKO_7";"Werner & Thorn Vogeldaten Bayerwald";"bayerwald";"wind";"birds";7;"unsalvaged";"0,7854";0;0;1;1;0;0;0;0;0;0;0;0;0;0;0;0;0;0;0;0;0;0;2;0;0;0;0;0;0;0;0;0;0;0;0;0;0;0;0;0;0;0;3;0;0;0;0;0;0;0;0;0;3;0;0;0;0;1
"65";"FKO_7";"Werner & Thorn Vogeldaten Bayerwald";"bayerwald";"wind";"birds";3;"unsalvaged";"0,7854";0;0;0;0;0;0;0;0;0;0;0;0;0;0;0;0;0;0;0;1;0;0;0;0;0;0;0;0;0;0;0;0;1;0;0;0;1;1;0;0;0;0;2;0;0;0;0;0;0;0;0;0;3;0;0;0;0;0
"86";"FKO_7";"Werner & Thorn Vogeldaten Bayerwald";"bayerwald";"wind";"birds";5;"unsalvaged";"0,7854";0;0;0;1;0;0;0;0;0;0;0;0;0;0;0;1;0;0;0;0;0;0;4;0;0;0;0;1;0;0;0;0;1;0;1;0;0;0;0;0;0;0;1;0;0;0;0;0;0;0;0;0;2;0;0;0;0;0
"87";"FKO_8";"Werner & Thorn Vogeldaten Bayerwald";"bayerwald";"wind";"birds";5;"unsalvaged";"0,7854";0;0;0;3;0;0;0;0;0;0;0;0;0;0;0;0;0;0;0;0;0;0;5;0;1;0;0;0;0;0;0;0;0;0;0;0;0;0;0;1;0;0;0;0;0;0;0;0;0;0;0;0;5;0;0;0;0;1
"108";"FKO_8";"Werner & Thorn Vogeldaten Bayerwald";"bayerwald";"wind";"birds";7;"unsalvaged";"0,7854";0;0;0;1;0;0;0;0;0;0;0;0;0;1;0;0;0;0;0;0;0;0;4;0;0;0;0;0;0;0;0;0;1;0;0;0;0;0;0;0;0;0;2;0;0;1;0;0;0;0;0;0;0;1;0;0;0;2
"66";"FKO_8";"Werner & Thorn Vogeldaten Bayerwald";"bayerwald";"wind";"birds";3;"unsalvaged";"0,7854";0;0;0;1;0;0;0;0;0;0;2;0;0;0;0;0;0;0;0;0;0;0;1;0;0;0;0;0;0;0;0;0;1;0;0;0;0;0;0;0;0;0;1;0;0;0;0;0;0;0;0;0;1;0;0;2;0;0
"88";"FKO_9";"Werner & Thorn Vogeldaten Bayerwald";"bayerwald";"wind";"birds";5;"unsalvaged";"0,7854";0;0;0;1;0;0;0;0;0;2;4;0;0;0;0;0;0;0;0;0;0;0;3;0;0;0;0;0;0;0;0;0;0;0;0;0;0;0;0;1;0;0;0;0;0;1;0;0;1;0;0;0;2;1;0;0;0;1
"67";"FKO_9";"Werner & Thorn Vogeldaten Bayerwald";"bayerwald";"wind";"birds";3;"unsalvaged";"0,7854";0;0;0;0;0;0;0;0;0;0;0;0;0;0;0;0;0;0;0;0;0;0;4;0;0;0;0;0;0;0;0;0;1;0;0;0;0;0;0;0;0;0;0;0;0;0;0;0;0;1;0;0;2;0;0;0;0;1
"109";"FKO_9";"Werner & Thorn Vogeldaten Bayerwald";"bayerwald";"wind";"birds";7;"unsalvaged";"0,7854";0;0;0;1;0;0;0;0;0;0;0;0;0;0;0;0;0;0;0;0;0;0;6;0;0;0;0;0;0;0;0;0;3;1;0;0;0;0;3;1;0;0;1;0;0;0;0;0;2;0;0;0;4;0;0;0;0;1
"38";"LAO_18";"Werner & Thorn Vogeldaten Bayerwald";"bayerwald";"wind";"birds";5;"salvaged";"0,7854";0;0;2;2;0;0;0;0;0;0;0;0;0;0;0;0;0;0;0;0;0;0;0;0;0;0;0;0;0;0;0;0;0;0;0;0;0;0;0;0;0;0;1;0;0;0;0;0;0;0;0;0;3;0;0;0;0;0
"59";"LAO_18";"Werner & Thorn Vogeldaten Bayerwald";"bayerwald";"wind";"birds";7;"salvaged";"0,7854";0;0;11;2;0;0;0;0;0;0;0;0;0;0;0;0;0;0;0;0;1;0;2;0;0;0;0;0;0;0;0;0;0;0;0;0;0;0;0;2;0;0;1;0;0;0;0;0;0;0;0;0;0;0;0;0;0;0
"17";"LAO_18";"Werner & Thorn Vogeldaten Bayerwald";"bayerwald";"wind";"birds";3;"salvaged";"0,7854";0;0;0;0;0;0;0;0;0;0;0;0;0;0;0;0;0;0;0;0;0;0;2;0;0;0;0;0;0;0;0;0;4;0;0;0;0;0;0;0;0;0;0;0;0;0;0;0;0;0;0;1;2;0;0;0;0;1
"60";"LAO_19";"Werner & Thorn Vogeldaten Bayerwald";"bayerwald";"wind";"birds";7;"salvaged";"0,7854";0;0;13;1;0;0;0;0;0;0;0;0;0;0;0;0;0;0;0;0;0;0;2;0;0;0;0;0;0;2;1;0;0;0;0;0;0;0;0;0;0;0;2;0;0;0;0;0;0;0;0;0;1;0;0;0;0;0
"39";"LAO_19";"Werner & Thorn Vogeldaten Bayerwald";"bayerwald";"wind";"birds";5;"salvaged";"0,7854";0;0;2;3;0;0;0;0;0;0;0;0;0;0;0;0;0;0;0;0;0;0;0;0;0;0;0;0;0;0;0;0;0;0;0;0;0;0;0;0;0;0;0;0;0;0;0;0;0;0;0;0;0;0;0;0;0;0
"18";"LAO_19";"Werner & Thorn Vogeldaten Bayerwald";"bayerwald";"wind";"birds";3;"salvaged";"0,7854";0;0;0;2;0;0;0;0;0;0;0;0;0;0;0;0;0;0;0;0;0;0;1;0;0;0;0;0;0;0;0;0;0;0;0;0;0;0;0;0;0;0;0;0;0;0;0;0;0;0;0;0;1;0;0;0;0;0
"61";"LAO_20";"Werner & Thorn Vogeldaten Bayerwald";"bayerwald";"wind";"birds";7;"salvaged";"0,7854";0;0;4;1;0;0;0;0;0;0;0;0;0;0;0;0;0;0;0;0;0;0;0;0;0;0;0;0;0;0;0;0;0;0;0;0;0;0;0;0;0;0;1;0;0;0;0;0;0;0;0;0;2;0;0;0;0;0
"19";"LAO_20";"Werner & Thorn Vogeldaten Bayerwald";"bayerwald";"wind";"birds";3;"salvaged";"0,7854";0;0;0;0;0;0;0;0;0;0;0;0;0;0;0;0;0;0;0;0;0;0;0;0;0;0;0;0;0;0;0;0;1;0;0;0;0;0;0;2;0;0;0;0;0;0;0;0;0;0;0;0;1;0;0;0;0;0
"40";"LAO_20";"Werner & Thorn Vogeldaten Bayerwald";"bayerwald";"wind";"birds";5;"salvaged";"0,7854";0;0;1;0;0;0;0;0;0;0;0;0;0;0;0;0;0;0;0;0;0;0;1;0;0;0;0;0;0;0;0;0;0;0;0;0;0;0;0;0;0;0;0;0;0;0;0;0;0;0;0;0;0;0;0;0;0;0
"111";"LAO_21";"Werner & Thorn Vogeldaten Bayerwald";"bayerwald";"wind";"birds";7;"unsalvaged";"0,7854";0;0;1;0;0;0;0;0;0;0;0;0;0;0;0;0;0;0;0;0;0;0;0;0;0;1;0;0;0;0;0;0;0;0;0;0;0;1;0;1;0;0;3;0;0;0;0;0;0;0;0;0;0;0;0;0;0;0
"90";"LAO_21";"Werner & Thorn Vogeldaten Bayerwald";"bayerwald";"wind";"birds";5;"unsalvaged";"0,7854";0;0;0;1;0;0;0;0;0;0;0;0;0;0;0;0;0;0;0;0;0;0;1;0;0;0;0;0;0;0;0;0;0;0;0;0;0;0;0;0;0;0;2;0;0;0;0;0;0;0;0;0;3;0;0;0;0;0
"69";"LAO_21";"Werner & Thorn Vogeldaten Bayerwald";"bayerwald";"wind";"birds";3;"unsalvaged";"0,7854";0;0;0;1;0;0;0;0;0;0;1;0;0;0;0;0;0;0;0;0;0;0;1;0;0;0;0;0;0;0;0;0;0;0;0;0;0;0;0;3;0;0;3;0;0;0;0;0;0;0;0;0;0;0;0;0;0;0
"70";"LAO_22";"Werner & Thorn Vogeldaten Bayerwald";"bayerwald";"wind";"birds";3;"unsalvaged";"0,7854";0;0;0;0;0;0;0;0;0;0;0;0;0;0;0;0;0;0;0;0;0;0;1;0;0;0;0;0;0;0;0;0;1;0;0;0;0;0;0;2;0;0;3;0;0;0;0;0;0;0;0;0;0;0;0;0;0;0
"112";"LAO_22";"Werner & Thorn Vogeldaten Bayerwald";"bayerwald";"wind";"birds";7;"unsalvaged";"0,7854";0;0;0;1;0;0;0;0;0;0;0;0;0;0;0;0;0;0;0;0;0;0;1;0;0;0;0;0;0;0;0;0;0;0;0;0;0;2;0;3;0;0;4;0;0;0;0;0;0;0;0;0;1;0;0;0;0;0
"91";"LAO_22";"Werner & Thorn Vogeldaten Bayerwald";"bayerwald";"wind";"birds";5;"unsalvaged";"0,7854";0;0;0;0;0;0;0;0;0;0;0;0;0;0;0;0;0;0;0;0;0;0;0;0;0;0;0;0;0;1;0;0;0;0;0;0;0;1;0;4;0;0;3;0;0;0;0;0;0;0;0;0;1;0;0;0;0;0
"92";"LAO_23";"Werner & Thorn Vogeldaten Bayerwald";"bayerwald";"wind";"birds";5;"unsalvaged";"0,7854";0;0;0;0;0;0;0;0;0;0;0;0;0;0;0;0;0;0;0;0;0;0;0;0;0;0;0;0;0;0;0;0;1;0;0;0;0;0;0;2;0;0;1;0;0;0;0;0;0;0;0;0;1;0;0;0;0;0
"113";"LAO_23";"Werner & Thorn Vogeldaten Bayerwald";"bayerwald";"wind";"birds";7;"unsalvaged";"0,7854";0;0;0;0;0;0;0;0;0;0;0;0;0;0;0;0;0;0;0;0;0;0;0;0;0;0;0;0;0;0;0;0;0;0;0;0;0;1;0;1;0;0;0;0;0;0;0;0;0;0;0;0;0;0;0;0;0;0
"71";"LAO_23";"Werner & Thorn Vogeldaten Bayerwald";"bayerwald";"wind";"birds";3;"unsalvaged";"0,7854";0;0;0;0;0;0;0;0;0;0;0;0;0;0;0;0;0;0;0;0;0;0;1;0;0;0;0;0;0;0;0;0;1;0;0;0;0;1;0;3;0;0;4;0;0;0;0;0;0;0;0;0;0;0;0;0;0;0
"93";"LAO_24";"Werner & Thorn Vogeldaten Bayerwald";"bayerwald";"wind";"birds";5;"unsalvaged";"0,7854";0;0;0;0;0;0;0;0;0;0;0;0;0;0;0;0;0;0;0;0;0;0;1;0;0;0;0;0;0;0;0;0;0;0;0;0;0;0;0;0;0;0;1;0;0;0;0;0;0;0;0;0;1;0;0;0;0;0
"114";"LAO_24";"Werner & Thorn Vogeldaten Bayerwald";"bayerwald";"wind";"birds";7;"unsalvaged";"0,7854";0;0;0;2;0;0;0;0;0;0;0;0;0;0;1;0;0;0;0;0;0;0;0;0;0;0;0;0;0;0;0;0;0;0;0;0;0;1;0;1;0;0;3;0;0;0;0;0;0;0;0;0;1;0;0;0;0;0
"72";"LAO_24";"Werner & Thorn Vogeldaten Bayerwald";"bayerwald";"wind";"birds";3;"unsalvaged";"0,7854";0;0;0;0;0;0;0;0;0;0;0;0;0;0;0;0;0;0;0;0;0;0;0;0;0;0;0;0;0;0;0;0;0;0;0;0;0;3;0;3;0;0;5;0;0;0;0;0;0;1;0;0;1;0;0;0;0;0
"115";"LAO_25";"Werner & Thorn Vogeldaten Bayerwald";"bayerwald";"wind";"birds";7;"unsalvaged";"0,7854";0;0;0;0;0;0;0;0;0;0;0;0;0;0;0;0;0;0;0;0;0;0;1;1;0;0;0;0;0;0;0;0;0;0;0;0;0;0;0;0;0;0;5;0;0;0;0;0;0;0;0;0;3;0;0;0;0;0
"94";"LAO_25";"Werner & Thorn Vogeldaten Bayerwald";"bayerwald";"wind";"birds";5;"unsalvaged";"0,7854";0;0;0;0;0;0;0;0;0;0;0;0;0;0;2;0;0;0;0;1;0;0;0;0;0;0;0;0;0;0;0;0;0;0;0;0;0;0;0;1;0;0;2;0;0;0;0;0;0;0;0;0;2;0;0;0;0;0
"73";"LAO_25";"Werner & Thorn Vogeldaten Bayerwald";"bayerwald";"wind";"birds";3;"unsalvaged";"0,7854";0;0;0;0;0;0;0;0;0;0;0;0;0;0;0;0;0;0;0;1;0;0;0;0;0;0;0;0;0;0;0;0;1;0;0;0;1;0;0;1;0;0;3;0;0;0;0;0;0;0;0;0;4;0;0;0;0;0
"116";"LAO_26";"Werner & Thorn Vogeldaten Bayerwald";"bayerwald";"wind";"birds";7;"unsalvaged";"0,7854";0;0;0;2;0;0;0;0;0;0;0;0;0;0;0;0;0;0;0;0;0;0;0;0;0;0;0;0;0;0;0;0;2;0;0;0;0;0;0;0;0;0;3;0;0;0;0;0;0;0;0;0;2;0;0;0;0;0
"74";"LAO_26";"Werner & Thorn Vogeldaten Bayerwald";"bayerwald";"wind";"birds";3;"unsalvaged";"0,7854";0;0;0;0;0;0;0;0;0;0;0;0;0;0;0;0;0;0;0;0;0;0;2;0;0;0;0;0;0;0;0;0;2;0;0;0;1;0;0;0;0;0;5;0;0;0;0;0;0;0;0;0;3;0;0;0;0;0
"95";"LAO_26";"Werner & Thorn Vogeldaten Bayerwald";"bayerwald";"wind";"birds";5;"unsalvaged";"0,7854";0;0;0;0;0;0;0;0;0;0;0;0;0;0;0;0;0;0;0;0;0;0;0;0;1;0;0;1;0;0;0;0;0;0;0;0;0;0;0;0;0;0;1;0;0;0;0;0;0;0;0;0;1;0;0;0;0;0
"41";"LAO_27";"Werner & Thorn Vogeldaten Bayerwald";"bayerwald";"wind";"birds";5;"salvaged";"0,7854";0;0;3;1;0;0;0;0;0;0;0;0;0;0;0;0;0;0;0;0;0;0;0;0;0;0;0;0;0;0;0;0;0;0;0;0;0;0;0;0;0;0;2;0;0;0;0;0;0;0;0;0;0;0;0;0;0;0
"62";"LAO_27";"Werner & Thorn Vogeldaten Bayerwald";"bayerwald";"wind";"birds";7;"salvaged";"0,7854";0;0;4;2;0;0;0;0;0;0;0;0;0;0;0;0;0;0;0;0;0;0;2;0;1;0;1;0;0;0;0;0;0;0;0;0;0;0;0;1;0;0;1;0;0;0;0;0;0;0;0;0;0;0;0;0;0;0
"20";"LAO_27";"Werner & Thorn Vogeldaten Bayerwald";"bayerwald";"wind";"birds";3;"salvaged";"0,7854";0;0;0;0;0;0;0;0;0;0;0;0;0;0;0;0;0;0;0;1;0;0;2;0;0;0;0;0;0;0;0;0;0;0;0;0;0;0;0;0;0;0;0;0;0;0;0;0;0;0;0;0;3;0;0;0;1;0
"96";"LAW_31";"Werner & Thorn Vogeldaten Bayerwald";"bayerwald";"wind";"birds";5;"unsalvaged";"0,7854";1;0;0;1;0;0;0;0;0;0;0;0;0;0;0;0;0;0;0;0;0;0;1;0;0;0;0;0;0;0;0;0;0;0;0;0;0;0;0;0;0;0;0;0;0;0;0;0;0;0;0;0;1;0;0;0;0;0
"117";"LAW_31";"Werner & Thorn Vogeldaten Bayerwald";"bayerwald";"wind";"birds";7;"unsalvaged";"0,7854";0;0;0;1;0;0;0;0;0;0;0;0;0;0;0;0;0;0;0;0;0;0;2;0;0;0;0;0;0;0;0;0;0;0;0;0;0;0;0;1;0;0;2;0;0;0;0;0;0;0;0;0;3;0;0;0;0;0
"75";"LAW_31";"Werner & Thorn Vogeldaten Bayerwald";"bayerwald";"wind";"birds";3;"unsalvaged";"0,7854";0;0;0;1;0;0;0;0;0;0;0;0;0;0;0;0;0;0;0;1;0;0;1;0;0;0;0;0;0;0;0;0;1;0;0;0;0;0;1;2;0;0;2;0;0;0;0;0;0;0;0;0;4;0;0;0;0;0
"118";"LAW_32";"Werner & Thorn Vogeldaten Bayerwald";"bayerwald";"wind";"birds";7;"unsalvaged";"0,7854";0;0;0;0;0;1;0;0;0;0;0;0;0;0;0;0;0;0;0;0;0;0;0;0;0;0;0;0;0;0;0;0;0;0;0;0;1;0;0;0;0;0;6;0;0;0;0;0;0;0;0;0;1;0;0;0;0;0
"97";"LAW_32";"Werner & Thorn Vogeldaten Bayerwald";"bayerwald";"wind";"birds";5;"unsalvaged";"0,7854";0;0;0;0;0;1;0;0;0;0;0;0;0;0;0;0;0;0;0;0;0;0;0;0;0;0;0;0;0;0;0;0;0;0;0;0;0;2;0;0;0;0;1;0;0;0;0;0;0;0;0;0;2;0;0;0;0;0
"76";"LAW_32";"Werner & Thorn Vogeldaten Bayerwald";"bayerwald";"wind";"birds";3;"unsalvaged";"0,7854";0;0;0;0;0;0;0;0;0;0;0;0;0;0;0;0;0;0;0;0;0;0;2;0;0;0;0;0;0;0;0;0;1;0;0;0;0;2;0;0;0;0;5;0;0;0;0;0;0;0;0;0;3;0;0;0;0;1
"119";"LAW_33";"Werner & Thorn Vogeldaten Bayerwald";"bayerwald";"wind";"birds";7;"unsalvaged";"0,7854";0;0;2;0;0;0;0;0;0;0;0;0;0;0;0;0;0;0;0;0;0;0;0;0;0;0;0;0;0;0;0;0;0;0;0;0;0;0;0;0;0;0;4;0;0;0;0;0;0;0;0;0;3;0;0;0;0;0
"77";"LAW_33";"Werner & Thorn Vogeldaten Bayerwald";"bayerwald";"wind";"birds";3;"unsalvaged";"0,7854";0;0;0;2;0;0;0;0;0;0;0;0;0;0;0;0;0;0;0;1;0;0;0;0;0;0;0;0;0;0;0;0;0;0;0;0;0;2;0;2;1;0;3;0;0;0;0;0;0;0;0;0;1;0;0;0;0;1
"98";"LAW_33";"Werner & Thorn Vogeldaten Bayerwald";"bayerwald";"wind";"birds";5;"unsalvaged";"0,7854";0;0;0;0;0;0;0;0;0;0;0;0;0;0;0;0;0;0;0;0;0;0;0;0;0;0;0;0;0;0;0;0;0;0;0;0;0;0;0;0;0;0;3;0;0;0;0;0;1;0;0;0;0;0;0;0;0;0
"120";"LAW_34";"Werner & Thorn Vogeldaten Bayerwald";"bayerwald";"wind";"birds";7;"unsalvaged";"0,7854";0;0;2;0;0;0;0;0;0;1;0;2;0;0;0;0;0;0;0;0;0;0;0;0;0;0;0;0;0;0;0;0;0;0;0;0;0;0;0;0;0;0;7;0;0;0;0;0;0;0;0;0;3;0;0;0;0;0
"99";"LAW_34";"Werner & Thorn Vogeldaten Bayerwald";"bayerwald";"wind";"birds";5;"unsalvaged";"0,7854";0;0;0;0;0;0;0;0;0;0;0;0;0;0;0;0;0;0;0;0;0;0;1;0;0;0;0;1;0;0;0;0;0;0;0;0;0;0;0;1;0;0;3;0;0;0;0;0;0;0;0;0;3;0;0;0;0;0
"78";"LAW_34";"Werner & Thorn Vogeldaten Bayerwald";"bayerwald";"wind";"birds";3;"unsalvaged";"0,7854";0;0;0;0;0;0;0;0;0;0;0;0;0;0;0;0;0;0;0;0;0;0;0;0;0;0;0;0;0;0;0;0;0;0;0;0;0;0;0;3;0;0;4;0;0;0;0;0;0;1;0;0;3;0;0;0;0;1
"42";"LAW_35";"Werner & Thorn Vogeldaten Bayerwald";"bayerwald";"wind";"birds";5;"salvaged";"0,7854";0;0;0;2;0;0;0;0;0;0;0;0;0;0;0;0;0;0;0;0;0;0;2;0;0;0;0;0;0;0;0;0;0;0;0;0;0;0;0;0;0;0;0;0;0;0;0;0;0;0;0;0;2;0;0;0;0;0
"63";"LAW_35";"Werner & Thorn Vogeldaten Bayerwald";"bayerwald";"wind";"birds";7;"salvaged";"0,7854";0;0;2;2;0;0;0;0;0;0;0;0;0;0;0;0;0;0;0;0;0;0;3;0;0;0;0;0;0;0;0;0;0;0;0;0;0;0;0;1;0;0;0;0;0;0;0;0;0;0;0;0;3;0;0;0;2;2
"21";"LAW_35";"Werner & Thorn Vogeldaten Bayerwald";"bayerwald";"wind";"birds";3;"salvaged";"0,7854";0;0;0;0;0;0;0;0;0;0;0;0;0;0;0;0;0;0;0;0;0;0;0;0;0;0;0;0;0;0;0;0;0;0;0;0;0;0;0;1;0;0;0;0;0;1;0;0;0;0;0;0;3;0;0;0;0;0
"100";"T3_36";"Werner & Thorn Vogeldaten Bayerwald";"bayerwald";"wind";"birds";5;"unsalvaged";"0,7854";0;0;0;3;0;0;0;0;0;0;0;0;0;0;0;0;0;0;0;0;0;0;0;0;0;0;0;0;0;0;0;0;0;0;0;0;0;0;0;1;0;0;0;0;0;0;0;0;0;0;0;0;1;0;0;0;0;0
"121";"T3_36";"Werner & Thorn Vogeldaten Bayerwald";"bayerwald";"wind";"birds";7;"unsalvaged";"0,7854";0;0;0;0;0;0;0;0;0;0;0;0;0;0;0;0;0;0;0;0;0;0;2;0;0;0;0;0;0;0;0;0;0;0;0;0;0;0;0;0;0;0;2;0;0;0;0;0;0;0;0;0;3;0;0;0;0;0
"79";"T3_36";"Werner & Thorn Vogeldaten Bayerwald";"bayerwald";"wind";"birds";3;"unsalvaged";"0,7854";0;0;0;0;0;0;0;0;0;0;1;0;0;0;0;2;0;0;0;0;0;0;5;0;0;0;0;0;0;0;0;0;3;0;0;0;0;0;0;1;1;0;0;0;0;0;0;0;0;0;0;0;4;0;0;0;0;0
"101";"T3_38";"Werner & Thorn Vogeldaten Bayerwald";"bayerwald";"wind";"birds";5;"unsalvaged";"0,7854";0;0;0;0;0;0;0;0;0;0;0;0;0;0;0;0;0;0;0;0;0;0;4;0;0;0;0;0;0;0;1;0;0;0;0;0;0;1;0;0;0;0;2;0;0;0;0;0;1;0;0;1;2;0;0;0;0;0
"122";"T3_38";"Werner & Thorn Vogeldaten Bayerwald";"bayerwald";"wind";"birds";7;"unsalvaged";"0,7854";0;0;0;2;0;0;0;0;0;0;0;0;0;0;0;0;0;0;0;0;0;0;3;0;0;0;0;0;0;1;0;0;0;0;0;0;0;0;0;1;0;0;3;0;0;0;0;0;0;0;0;0;2;0;0;0;0;1
"80";"T3_38";"Werner & Thorn Vogeldaten Bayerwald";"bayerwald";"wind";"birds";3;"unsalvaged";"0,7854";0;0;0;0;0;0;0;0;0;0;0;0;0;0;0;0;0;0;0;0;0;0;6;0;0;0;0;0;0;0;0;0;4;0;0;0;0;1;0;1;1;0;0;0;0;0;0;0;0;0;0;0;5;0;0;0;0;0
"123";"T3_39";"Werner & Thorn Vogeldaten Bayerwald";"bayerwald";"wind";"birds";7;"unsalvaged";"0,7854";0;0;0;0;0;0;0;1;0;0;0;0;0;0;0;0;0;0;0;0;0;0;2;0;0;0;0;0;0;0;0;0;0;0;0;0;0;0;0;1;0;0;6;0;0;0;0;0;0;0;0;0;0;0;0;0;0;0
"81";"T3_39";"Werner & Thorn Vogeldaten Bayerwald";"bayerwald";"wind";"birds";3;"unsalvaged";"0,7854";0;0;0;0;0;0;0;0;0;0;0;0;0;0;0;0;0;0;0;1;0;0;3;0;0;0;0;0;0;0;0;0;1;0;0;0;0;0;0;2;0;0;3;0;0;0;0;0;0;1;0;0;3;0;0;0;0;2
"102";"T3_39";"Werner & Thorn Vogeldaten Bayerwald";"bayerwald";"wind";"birds";5;"unsalvaged";"0,7854";0;0;0;1;0;0;0;0;0;0;1;0;0;0;2;0;0;0;0;0;0;0;1;0;0;0;0;0;0;0;0;0;0;0;0;0;0;0;0;2;0;0;0;0;0;0;0;0;0;0;0;0;1;0;0;0;0;0
"124";"T3_40";"Werner & Thorn Vogeldaten Bayerwald";"bayerwald";"wind";"birds";7;"unsalvaged";"0,7854";0;0;0;0;0;0;0;0;0;0;6;0;0;0;0;0;0;0;0;0;0;0;2;0;0;0;0;0;0;0;0;0;0;0;0;0;0;1;0;1;0;0;4;0;0;0;0;0;0;0;0;0;0;0;0;0;0;1
"82";"T3_40";"Werner & Thorn Vogeldaten Bayerwald";"bayerwald";"wind";"birds";3;"unsalvaged";"0,7854";0;0;0;0;0;0;0;0;0;0;0;0;0;0;0;0;0;0;0;2;0;0;1;0;0;0;0;0;0;0;0;0;0;0;0;0;0;2;0;3;0;0;2;0;0;0;0;0;0;1;0;0;3;0;0;0;0;0
"103";"T3_40";"Werner & Thorn Vogeldaten Bayerwald";"bayerwald";"wind";"birds";5;"unsalvaged";"0,7854";0;0;0;0;0;0;0;0;0;0;0;0;0;0;0;0;0;0;0;0;0;0;0;0;0;0;0;0;0;0;0;0;0;0;0;0;0;0;0;0;0;0;3;0;0;0;0;0;0;0;0;0;0;0;0;0;0;0
"104";"T3_41";"Werner & Thorn Vogeldaten Bayerwald";"bayerwald";"wind";"birds";5;"unsalvaged";"0,7854";0;0;0;0;0;0;0;0;0;0;0;0;0;0;0;0;0;0;0;0;0;0;0;0;0;0;0;0;0;0;0;0;0;0;0;0;0;1;0;2;0;0;1;0;0;0;0;0;0;0;1;0;1;0;0;0;0;0
"83";"T3_41";"Werner & Thorn Vogeldaten Bayerwald";"bayerwald";"wind";"birds";3;"unsalvaged";"0,7854";0;0;0;0;0;0;0;0;0;0;0;0;0;0;0;0;0;0;0;0;0;0;1;0;0;0;0;0;0;0;0;0;1;0;0;0;0;0;1;2;0;0;4;0;0;0;0;0;0;0;0;0;2;0;0;0;0;0
"125";"T3_41";"Werner & Thorn Vogeldaten Bayerwald";"bayerwald";"wind";"birds";7;"unsalvaged";"0,7854";0;0;0;1;0;0;0;0;0;0;0;0;0;0;0;0;0;0;0;0;0;1;2;0;0;0;0;0;0;0;0;0;0;0;0;0;0;1;1;2;0;0;5;0;0;0;0;0;0;0;0;0;6;1;1;0;0;0
"105";"T3_42";"Werner & Thorn Vogeldaten Bayerwald";"bayerwald";"wind";"birds";5;"unsalvaged";"0,7854";0;0;0;1;0;0;0;0;0;0;0;0;0;0;0;0;0;0;0;1;0;0;1;0;0;0;0;0;0;0;0;0;0;0;0;0;0;1;0;2;0;0;1;0;0;0;0;0;0;0;0;0;1;0;0;0;0;0
"84";"T3_42";"Werner & Thorn Vogeldaten Bayerwald";"bayerwald";"wind";"birds";3;"unsalvaged";"0,7854";0;0;0;0;0;0;0;0;0;0;0;0;0;0;0;0;0;0;0;0;0;0;1;0;0;0;0;0;0;0;0;0;1;0;2;0;0;1;1;3;0;0;1;0;0;0;0;0;0;0;0;0;3;0;0;0;0;0
"126";"T3_42";"Werner & Thorn Vogeldaten Bayerwald";"bayerwald";"wind";"birds";7;"unsalvaged";"0,7854";0;0;1;1;0;0;0;0;0;0;0;0;0;0;0;0;0;0;0;2;0;0;1;0;0;0;0;0;0;0;0;0;0;0;0;0;0;0;0;6;0;0;9;0;0;0;0;0;2;0;0;0;2;0;1;0;0;0
"127";"FAE_28_S";"Georgiev & Thorn unpubl";"bayerwald";"wind";"birds";11;"salvaged";"0,7854";0;0;0;1;0;0;0;0;0;0;0;5;1;0;0;0;0;0;0;2;0;0;8;0;0;0;0;1;0;0;0;0;0;0;0;0;0;0;1;1;0;0;2;0;1;0;0;0;2;0;0;0;2;0;0;0;0;1
"128";"FAE_29_S";"Georgiev & Thorn unpubl";"bayerwald";"wind";"birds";11;"salvaged";"0,7854";0;0;0;0;0;0;0;0;0;0;0;0;1;0;0;0;0;2;0;0;0;0;7;0;0;0;0;0;0;0;0;0;1;0;0;0;0;0;0;2;0;0;0;0;2;0;0;0;3;0;0;0;0;0;0;0;0;0
"129";"FAE_30_S";"Georgiev & Thorn unpubl";"bayerwald";"wind";"birds";11;"salvaged";"0,7854";0;0;0;2;0;0;7;0;0;0;1;0;0;0;0;0;0;1;0;0;0;0;1;0;0;0;0;0;0;0;0;0;0;0;0;0;0;0;0;1;0;0;0;0;0;0;0;0;0;0;0;0;0;0;0;0;0;0
"130";"FAE_31_S";"Georgiev & Thorn unpubl";"bayerwald";"wind";"birds";11;"salvaged";"0,7854";0;0;0;1;0;0;0;0;0;0;0;0;0;0;0;0;1;0;0;0;0;0;6;0;0;0;0;2;0;0;0;0;0;2;0;0;0;0;1;0;0;0;3;0;1;0;0;0;3;0;0;0;4;1;0;0;0;0
"131";"FAE_32_S";"Georgiev & Thorn unpubl";"bayerwald";"wind";"birds";11;"salvaged";"0,7854";0;0;0;2;0;0;0;0;0;0;0;0;0;0;0;0;0;1;0;0;0;0;0;0;0;0;0;0;0;0;0;0;0;0;0;0;0;0;2;2;0;0;1;0;0;0;0;0;0;0;0;0;0;0;0;0;0;0
"132";"FAE_33_S";"Georgiev & Thorn unpubl";"bayerwald";"wind";"birds";11;"salvaged";"0,7854";0;0;0;2;0;0;0;0;0;0;0;0;0;0;0;0;0;1;0;0;0;0;4;0;0;0;0;0;0;0;0;0;0;0;0;0;0;0;0;2;0;0;3;0;0;0;0;0;0;0;0;0;0;1;0;0;0;0
"133";"FAE_34_S";"Georgiev & Thorn unpubl";"bayerwald";"wind";"birds";11;"salvaged";"0,7854";0;0;0;1;1;0;0;0;0;0;0;0;0;0;0;0;0;0;0;0;0;0;3;0;0;0;0;0;0;0;0;0;1;0;0;0;0;0;0;6;0;0;4;1;0;0;0;0;0;0;0;0;0;1;1;0;0;0
"134";"FAE_35_S";"Georgiev & Thorn unpubl";"bayerwald";"wind";"birds";11;"salvaged";"0,7854";0;0;0;2;2;0;0;0;0;0;0;0;0;0;0;0;0;0;0;1;0;0;6;0;0;0;0;0;0;0;0;0;0;0;0;0;0;0;0;3;0;0;4;0;1;0;0;0;0;0;0;0;0;1;1;0;0;0
"135";"FAE_36_S";"Georgiev & Thorn unpubl";"bayerwald";"wind";"birds";11;"salvaged";"0,7854";0;0;0;1;0;0;0;0;0;0;0;0;0;0;0;0;0;4;0;0;0;0;2;0;0;0;0;1;0;0;0;0;0;0;0;0;0;0;0;2;0;0;2;0;0;0;0;0;0;0;0;0;0;0;0;0;0;0
"136";"FAE_37_S";"Georgiev & Thorn unpubl";"bayerwald";"wind";"birds";11;"salvaged";"0,7854";0;0;0;1;0;0;0;0;0;0;0;0;0;0;0;0;0;1;0;0;0;0;1;0;0;0;0;0;0;0;0;0;0;0;0;0;0;0;0;4;0;0;3;0;0;0;0;0;0;0;0;0;0;0;0;0;0;0
"137";"FAE_38_S";"Georgiev & Thorn unpubl";"bayerwald";"wind";"birds";11;"salvaged";"0,7854";0;0;1;3;0;0;0;0;0;0;0;0;0;0;0;0;0;1;1;0;0;0;0;0;0;0;0;1;0;0;0;1;0;0;0;0;0;0;0;0;0;0;0;0;0;0;0;0;0;0;0;0;0;0;0;0;0;0
"138";"FAE_39_S";"Georgiev & Thorn unpubl";"bayerwald";"wind";"birds";11;"salvaged";"0,7854";0;0;0;0;0;0;0;0;0;0;0;0;0;0;0;0;0;1;0;0;0;0;1;0;0;0;0;3;0;0;0;0;0;0;0;0;0;0;0;1;0;0;1;0;0;0;0;0;0;0;0;0;0;0;0;0;0;0
"139";"Falk1_5";"Georgiev & Thorn unpubl";"bayerwald";"wind";"birds";11;"salvaged";"0,7854";0;0;0;1;0;0;0;0;0;0;1;0;0;0;0;0;0;0;0;0;0;0;0;0;0;0;0;0;0;0;0;0;0;0;0;0;0;1;0;0;0;0;1;0;0;0;0;0;0;0;0;0;0;1;0;0;1;0
"140";"Falk1_9";"Georgiev & Thorn unpubl";"bayerwald";"wind";"birds";11;"salvaged";"0,7854";0;0;0;0;0;0;0;0;0;0;0;0;0;0;0;0;0;0;0;0;0;0;8;0;0;0;0;0;0;0;0;0;3;0;0;0;0;0;2;2;0;0;1;0;4;0;0;0;4;0;0;0;2;1;1;0;0;1
"141";"Falk2_11";"Georgiev & Thorn unpubl";"bayerwald";"wind";"birds";11;"salvaged";"0,7854";0;0;0;0;0;0;0;0;0;0;0;0;0;0;0;0;0;0;0;1;0;0;2;0;0;0;0;0;0;0;0;0;1;1;0;0;0;0;0;3;0;0;2;0;0;0;0;0;2;0;0;0;1;0;1;0;0;0
"142";"FKN_1_U";"Georgiev & Thorn unpubl";"bayerwald";"wind";"birds";11;"unsalvaged";"0,7854";0;0;0;0;0;0;0;0;0;0;1;0;0;0;0;0;0;0;0;2;0;0;2;0;0;0;0;1;0;0;0;0;2;0;0;0;0;0;0;1;0;0;2;0;0;0;0;0;2;0;0;0;0;0;0;0;1;0
"143";"FKN_2_U";"Georgiev & Thorn unpubl";"bayerwald";"wind";"birds";11;"unsalvaged";"0,7854";0;0;0;0;0;0;0;0;0;0;0;0;0;0;0;0;0;0;0;0;0;0;1;0;0;0;0;2;0;0;0;0;4;1;0;0;0;0;0;2;0;0;3;0;0;0;0;0;1;0;0;0;0;0;0;0;0;0
"144";"FKN_21_S";"Georgiev & Thorn unpubl";"bayerwald";"wind";"birds";11;"salvaged";"0,7854";0;0;0;2;0;0;0;0;0;0;0;0;0;0;0;0;0;0;0;0;0;0;1;0;0;0;0;0;1;0;0;0;0;0;0;0;0;0;0;4;0;0;2;0;0;0;0;0;0;0;0;0;0;1;0;0;0;0
"145";"FKN_22_S";"Georgiev & Thorn unpubl";"bayerwald";"wind";"birds";11;"salvaged";"0,7854";0;0;0;0;0;0;0;0;0;0;0;0;0;0;0;0;0;0;0;0;0;0;2;0;0;0;0;0;0;0;0;0;2;0;0;0;0;0;0;3;0;0;2;0;0;0;0;0;0;0;0;0;0;1;0;0;1;0
"146";"FKN_3_U";"Georgiev & Thorn unpubl";"bayerwald";"wind";"birds";11;"unsalvaged";"0,7854";0;0;0;0;0;0;0;0;0;0;0;0;0;0;0;0;0;0;0;1;0;0;3;0;0;0;0;0;0;0;0;0;1;0;0;0;0;0;0;3;0;0;4;0;0;0;0;0;2;0;0;0;0;0;0;0;0;0
"147";"FKO_23_S";"Georgiev & Thorn unpubl";"bayerwald";"wind";"birds";11;"salvaged";"0,7854";0;0;0;2;0;0;0;0;0;0;1;0;0;0;0;0;0;0;0;0;0;0;0;0;0;0;0;0;0;0;0;0;0;0;0;0;0;0;0;3;0;0;0;0;0;0;0;0;0;0;0;0;0;0;0;0;0;0
"148";"FKO_24_S";"Georgiev & Thorn unpubl";"bayerwald";"wind";"birds";11;"salvaged";"0,7854";0;0;0;1;0;0;0;0;0;0;0;0;0;0;0;0;0;0;0;0;0;0;2;0;0;0;0;0;0;0;0;0;0;0;0;0;0;0;0;0;0;0;0;0;0;0;0;0;0;0;0;0;0;0;0;0;0;2
"149";"LA_10_U";"Georgiev & Thorn unpubl";"bayerwald";"wind";"birds";11;"unsalvaged";"0,7854";0;0;0;2;0;0;0;0;0;0;0;0;0;0;0;0;0;0;0;1;0;0;2;0;0;0;0;0;0;0;0;0;0;0;0;0;0;1;0;2;0;0;2;0;0;0;0;0;2;0;0;0;0;0;0;0;0;0
"150";"LA_11_U";"Georgiev & Thorn unpubl";"bayerwald";"wind";"birds";11;"unsalvaged";"0,7854";0;0;0;3;0;0;0;0;0;0;0;0;0;0;0;0;0;0;0;0;0;0;1;0;0;0;0;0;0;0;0;0;0;0;0;0;0;1;0;1;0;0;2;0;0;0;0;0;1;0;0;0;2;0;0;0;1;0
"151";"LA_12_U";"Georgiev & Thorn unpubl";"bayerwald";"wind";"birds";11;"unsalvaged";"0,7854";0;0;0;1;0;0;0;0;0;0;0;0;0;0;0;0;0;0;0;0;0;0;2;0;0;0;0;0;0;0;0;0;0;0;0;0;0;0;0;1;0;0;1;0;0;0;0;0;0;0;0;0;5;0;0;0;0;0
"152";"LA_13_U";"Georgiev & Thorn unpubl";"bayerwald";"wind";"birds";11;"unsalvaged";"0,7854";0;0;0;1;0;0;0;0;0;0;2;0;0;0;0;0;0;0;0;0;0;0;1;0;0;0;0;0;0;0;0;0;0;0;0;0;0;1;1;0;0;0;1;0;0;0;0;0;1;0;0;0;2;0;0;0;0;0
"153";"LA_14_U";"Georgiev & Thorn unpubl";"bayerwald";"wind";"birds";11;"unsalvaged";"0,7854";0;0;0;2;0;0;0;0;0;0;0;0;0;0;0;0;0;0;0;0;0;0;2;0;0;0;0;0;0;0;0;0;0;0;0;0;0;1;0;0;0;0;2;0;0;0;0;0;0;0;0;0;2;0;0;0;0;0
"154";"LA_15_U";"Georgiev & Thorn unpubl";"bayerwald";"wind";"birds";11;"unsalvaged";"0,7854";0;0;0;4;0;0;0;0;0;0;1;0;0;0;0;0;0;0;0;0;0;0;2;0;0;0;0;0;0;0;0;0;0;0;0;0;0;0;0;0;0;0;1;0;0;0;0;0;0;0;0;1;1;0;0;0;0;0
"155";"LA_16_U";"Georgiev & Thorn unpubl";"bayerwald";"wind";"birds";11;"unsalvaged";"0,7854";0;0;0;2;0;0;0;0;0;0;0;0;0;0;0;0;0;0;0;0;0;0;2;0;0;0;0;0;0;0;0;0;0;0;0;0;0;2;0;0;0;0;1;0;0;0;0;0;1;0;0;0;4;1;0;0;0;0
"156";"LA_17_U";"Georgiev & Thorn unpubl";"bayerwald";"wind";"birds";11;"unsalvaged";"0,7854";0;0;0;1;0;0;0;0;0;0;0;0;0;0;0;0;0;0;0;0;0;0;0;0;0;0;0;0;0;0;0;0;0;0;0;0;2;0;0;2;0;0;1;0;0;0;0;0;1;0;0;0;4;2;1;0;0;0
"157";"LA_18_U";"Georgiev & Thorn unpubl";"bayerwald";"wind";"birds";11;"unsalvaged";"0,7854";0;0;0;1;0;0;0;0;0;0;0;0;0;0;0;0;0;0;0;0;0;0;1;0;0;0;0;0;0;0;0;0;0;0;0;0;0;1;1;5;0;0;2;0;0;0;0;0;1;0;0;0;4;2;0;0;0;0
"158";"LA_19_U";"Georgiev & Thorn unpubl";"bayerwald";"wind";"birds";11;"unsalvaged";"0,7854";0;0;0;1;0;0;0;0;0;0;0;0;0;0;0;0;0;0;0;0;0;0;1;0;0;0;0;0;0;0;0;0;0;0;0;0;0;2;0;4;0;0;3;0;0;0;0;0;3;0;0;0;6;0;0;0;0;1
"159";"LA_20_U";"Georgiev & Thorn unpubl";"bayerwald";"wind";"birds";11;"unsalvaged";"0,7854";0;0;0;1;0;0;0;0;0;0;1;0;0;0;0;0;0;0;0;0;0;0;3;0;0;0;0;0;0;0;0;0;0;0;0;0;0;0;1;3;0;0;3;0;0;0;0;0;1;0;0;0;5;0;1;0;0;0
"160";"LA_25_S";"Georgiev & Thorn unpubl";"bayerwald";"wind";"birds";11;"salvaged";"0,7854";0;1;0;3;0;0;0;0;0;0;0;0;0;0;0;0;0;0;0;0;0;0;0;0;0;0;0;0;0;0;0;0;0;0;0;0;2;0;0;0;0;0;1;0;0;0;0;0;0;0;0;0;1;0;0;0;0;0
"161";"LA_26_S";"Georgiev & Thorn unpubl";"bayerwald";"wind";"birds";11;"salvaged";"0,7854";0;0;0;0;0;0;0;0;0;0;0;0;0;0;0;0;0;0;0;0;0;0;2;0;0;0;0;0;0;0;0;0;0;0;0;0;0;0;0;2;0;1;0;0;0;0;0;0;0;0;0;0;6;1;0;0;3;1
"162";"LA_27_S";"Georgiev & Thorn unpubl";"bayerwald";"wind";"birds";11;"salvaged";"0,7854";0;0;0;3;0;0;0;0;0;0;0;0;0;0;0;0;0;1;0;0;0;0;5;0;0;0;0;0;0;0;0;0;0;0;0;0;0;0;0;0;0;0;1;0;0;0;0;0;0;0;0;0;2;0;0;0;0;2
"163";"LA_4_U";"Georgiev & Thorn unpubl";"bayerwald";"wind";"birds";11;"unsalvaged";"0,7854";0;0;0;0;0;0;0;0;0;0;0;0;0;0;0;0;0;0;0;0;0;0;1;0;0;0;0;0;0;0;0;0;0;0;0;0;0;0;0;1;0;0;4;2;0;0;0;0;0;0;0;0;1;0;0;0;0;0
"164";"LA_5_U";"Georgiev & Thorn unpubl";"bayerwald";"wind";"birds";11;"unsalvaged";"0,7854";0;0;0;0;0;0;0;0;0;0;0;0;0;0;0;0;0;0;0;0;0;0;2;0;0;0;0;2;0;0;0;0;0;0;0;0;0;1;0;2;0;0;4;0;0;0;0;0;0;0;0;0;2;0;0;0;1;0
"165";"LA_6_U";"Georgiev & Thorn unpubl";"bayerwald";"wind";"birds";11;"unsalvaged";"0,7854";0;0;0;1;0;0;0;0;0;0;0;0;0;0;0;0;0;0;0;0;0;0;2;0;1;0;0;0;0;0;0;0;0;0;0;0;0;0;0;0;0;0;3;0;0;0;0;0;1;0;0;0;0;0;0;0;0;0
"166";"LA_7_U";"Georgiev & Thorn unpubl";"bayerwald";"wind";"birds";11;"unsalvaged";"0,7854";0;0;0;4;0;0;0;0;0;0;0;0;0;0;0;0;0;0;0;0;0;0;2;0;0;0;0;0;0;0;0;0;0;0;0;0;0;0;0;2;0;0;4;0;0;0;0;0;2;0;0;0;0;1;0;0;0;0
"167";"LA_8_U";"Georgiev & Thorn unpubl";"bayerwald";"wind";"birds";11;"unsalvaged";"0,7854";0;0;0;5;0;0;0;0;0;0;0;0;0;0;0;0;0;0;0;0;0;0;1;0;0;0;0;0;0;0;0;0;0;0;0;0;0;0;0;0;0;0;1;0;0;0;0;0;2;0;0;0;1;0;0;0;0;0
"168";"LA_9_U";"Georgiev & Thorn unpubl";"bayerwald";"wind";"birds";11;"unsalvaged";"0,7854";0;1;0;1;0;0;0;0;0;0;0;0;0;0;0;0;1;1;0;0;0;0;7;0;0;0;1;0;0;0;0;0;0;0;0;0;0;1;0;0;0;0;4;0;0;0;0;0;0;0;0;0;3;0;0;0;0;0
"169";"Lack1_18";"Georgiev & Thorn unpubl";"bayerwald";"wind";"birds";11;"salvaged";"0,7854";0;0;0;4;0;0;0;0;0;0;0;0;0;0;0;0;0;0;0;0;0;0;0;0;0;0;0;2;0;0;0;0;1;0;0;0;0;0;0;3;0;0;0;0;0;0;0;0;1;0;0;0;0;0;0;0;0;0
"170";"Lack1_19";"Georgiev & Thorn unpubl";"bayerwald";"wind";"birds";11;"salvaged";"0,7854";0;2;0;3;0;0;0;0;0;0;0;0;0;0;0;0;0;0;0;0;0;0;0;0;0;0;0;4;0;0;0;0;0;0;0;0;0;0;0;0;0;0;1;0;0;0;0;0;0;0;0;0;0;0;0;0;0;0
