"";"plot";"study";"site";"disturbance_type";"taxonomic_group";"year_after_dist";"treatment";"area";"Oenanthe_oenanthe";"Parus_major";"Sylvia_communis";"Parus_montanus";"Dryocopus_martius";"Parus_cristatus";"Carduelis_spinus";"Dendrocopos_minor";"Turdus_iliacus";"Upupa_epops";"Dendrocopos_major";"Carduelis_chloris";"Lanius_collurio";"Pyrrhula_pyrrhula";"Coccothraustes_coccothraustes";"Columba_palumbus";"Fringilla_montifringilla";"Sylvia_atricapilla";"Falco_subbuteo";"Turdus_merula";"Jynx_torquilla";"Accipiter_nisus";"Corvus_corax";"Loxia_curvirostra";"Anas_platyrhynchos";"Gallinago_gallinago";"Cuculus_canorus";"Turdus_pilaris";"Lullula_arborea";"Parus_caeruleus";"Muscicapa_striata";"Regulus_regulus";"Buteo_buteo";"Sylvia_borin";"Aquila_pomarina";"Turdus_viscivorus";"Certhia_familiaris";"Phylloscopus_trochilus";"Sylvia_curruca";"Phylloscopus_collybita";"Phoenicurus_phoenicurus";"Motacilla_alba";"Saxicola_rubetra";"Prunella_modularis";"Anthus_campestris";"Miliaria_calandra";"Erithacus_rubecula";"Tringa_ochropus";"Columba_oenas";"Alauda_arvensis";"Garrulus_glandarius";"Parus_ater";"Turdus_philomelos";"Lanius_excubitor";"Troglodytes_troglodytes";"Anthus_trivialis";"Phylloscopus_sibilatrix";"Sturnus_vulgaris";"Emberiza_citrinella";"Streptopelia_turtur";"Parus_palustris";"Oriolus_oriolus";"Corvus_corone";"Hippolais_icterina";"Ficedula_hypoleuca";"Fringilla_coelebs";"Pernis_apivorus";"Grus_grus";"Haliaeetus_albicilla";"Circus_aeruginosus";"Crex_crex";"Bucephala_clangula";"Phoenicurus_ochruros";"Sitta_europaea";"Caprimulgus_europaeus";"Acrocephalus_palustris"
"1";"h10";"zmihorski2010BiodivConserv";"pisz";"wind";"birds";5;"unsalvaged";3,14;1;0;0;0;0;0;0;0;0;0;0;0;1;0;0;0;0;0;0;0;0;0;0;0;0;0;0;0;2;0;0;0;0;0;0;0;0;1;0;0;0;0;0;1;0;0;1;0;0;0;0;0;0;0;0;1;0;0;0;0;0;0;0;0;0;1;0;0;0;0;0;0;0;0;0;0
"2";"h11";"zmihorski2010BiodivConserv";"pisz";"wind";"birds";5;"unsalvaged";3,14;1;0;0;0;0;0;0;0;0;0;0;0;0;0;0;0;0;0;0;0;0;0;1;0;0;0;0;1;1;0;1;0;0;0;0;0;0;0;0;0;0;0;0;0;0;0;0;0;0;0;0;0;0;0;0;2;0;0;1;0;0;0;0;0;0;2;0;0;0;0;0;0;0;0;0;0
"3";"h12";"zmihorski2010BiodivConserv";"pisz";"wind";"birds";5;"unsalvaged";3,14;1;0;0;0;0;0;0;0;0;0;1;0;1;0;0;0;0;0;0;0;0;0;0;0;0;0;0;0;1;0;0;0;0;0;0;1;0;0;0;0;0;0;0;0;0;0;0;0;0;0;0;0;0;0;0;2;0;0;3;0;0;0;0;0;0;2;0;0;0;0;0;0;0;0;0;0
"4";"h13";"zmihorski2010BiodivConserv";"pisz";"wind";"birds";5;"unsalvaged";3,14;2;0;0;1;0;0;0;0;0;0;1;0;2;0;0;0;0;0;0;0;0;0;0;0;0;0;0;0;3;0;0;0;0;0;0;0;0;0;0;0;0;0;0;0;0;0;0;0;0;0;0;0;0;0;0;0;0;0;2;0;0;0;0;0;0;1;0;0;0;0;0;0;0;0;0;0
"5";"h14";"zmihorski2010BiodivConserv";"pisz";"wind";"birds";5;"unsalvaged";3,14;1;0;0;0;0;0;0;0;0;0;1;0;0;0;0;0;0;0;0;0;0;0;0;0;0;0;0;0;2;0;0;0;0;0;0;0;0;1;0;0;1;0;0;1;0;0;1;0;0;0;0;1;1;0;0;0;1;0;0;0;0;0;0;0;0;3;0;0;0;0;0;0;0;0;0;0
"6";"h15";"zmihorski2010BiodivConserv";"pisz";"wind";"birds";5;"unsalvaged";3,14;0;0;0;0;1;0;0;0;0;0;3;0;0;0;0;0;0;0;0;0;0;0;1;0;0;0;0;0;0;0;0;0;1;0;0;0;0;1;0;0;0;0;0;0;0;0;1;0;0;0;2;1;1;0;2;0;1;1;0;0;0;0;0;0;0;2;0;0;0;0;0;0;0;0;0;0
"7";"h16";"zmihorski2010BiodivConserv";"pisz";"wind";"birds";5;"unsalvaged";3,14;0;3;0;0;0;1;0;0;0;0;3;0;0;0;0;0;0;0;0;0;0;0;0;0;0;0;0;0;3;0;0;0;0;0;0;0;0;1;0;2;0;0;0;0;0;0;0;0;0;0;1;1;0;0;1;1;1;0;1;0;0;0;0;0;0;2;0;0;0;0;0;0;0;0;0;0
"8";"h5";"zmihorski2010BiodivConserv";"pisz";"wind";"birds";5;"unsalvaged";3,14;0;0;1;0;0;1;0;0;0;1;2;0;0;0;0;0;0;0;0;2;0;0;1;0;2;0;0;0;1;0;0;0;0;0;0;0;0;1;0;1;0;0;0;0;0;0;1;0;0;1;0;0;1;0;0;0;0;0;1;1;0;0;0;0;0;1;0;0;0;0;0;0;0;0;0;0
"9";"h6";"zmihorski2010BiodivConserv";"pisz";"wind";"birds";5;"unsalvaged";3,14;0;0;0;0;0;0;0;0;0;0;1;0;0;0;0;0;0;0;0;0;0;0;0;2;0;0;1;0;1;0;1;2;0;0;0;1;0;2;0;0;0;0;0;0;0;0;2;0;0;0;1;0;1;0;0;1;0;0;0;0;0;0;0;0;0;2;0;0;0;0;0;0;0;0;0;0
"10";"h7";"zmihorski2010BiodivConserv";"pisz";"wind";"birds";5;"unsalvaged";3,14;0;0;0;0;0;0;0;0;0;0;0;0;0;0;0;0;0;0;0;0;0;0;0;0;0;0;1;0;1;0;1;0;0;0;0;0;0;3;0;0;0;0;0;0;0;0;2;0;0;1;0;0;1;0;0;1;0;0;0;0;0;0;0;0;0;1;0;0;0;0;0;0;0;0;0;0
"11";"h8";"zmihorski2010BiodivConserv";"pisz";"wind";"birds";5;"unsalvaged";3,14;0;0;0;1;0;0;0;0;0;0;2;0;0;0;0;0;0;0;0;1;0;0;0;0;0;0;1;0;3;0;1;0;0;0;0;1;0;3;0;0;0;0;0;0;0;0;1;0;0;0;0;0;0;0;0;2;1;0;1;0;0;0;0;0;0;2;0;0;0;0;0;0;0;0;0;0
"12";"h9";"zmihorski2010BiodivConserv";"pisz";"wind";"birds";5;"unsalvaged";3,14;0;0;0;0;0;0;0;1;0;0;1;0;0;0;0;0;0;0;0;0;0;0;0;0;0;0;0;0;1;0;0;0;0;0;0;0;0;2;0;0;0;0;0;0;0;0;2;0;0;0;0;0;0;0;0;1;0;0;0;0;0;0;0;0;0;2;0;0;0;0;0;0;0;0;0;0
"13";"i10";"zmihorski2010BiodivConserv";"pisz";"wind";"birds";5;"unsalvaged";3,14;0;0;0;0;0;0;0;0;0;0;1;0;2;0;0;0;0;0;0;1;0;0;0;0;0;0;0;0;1;0;0;0;0;0;0;0;0;1;0;0;0;0;0;0;0;0;0;0;0;0;1;0;1;0;0;1;0;0;1;0;0;0;0;0;0;0;0;0;0;0;0;0;0;0;0;0
"14";"i11";"zmihorski2010BiodivConserv";"pisz";"wind";"birds";5;"unsalvaged";3,14;1;0;0;0;0;0;0;0;0;0;2;0;1;0;0;0;0;0;0;0;0;0;0;0;0;0;0;0;2;0;2;0;0;0;0;0;0;0;0;0;0;0;0;0;0;0;0;0;0;0;0;0;1;0;0;3;0;0;2;0;0;0;0;0;0;2;0;0;0;0;0;0;0;0;0;0
"15";"i12";"zmihorski2010BiodivConserv";"pisz";"wind";"birds";5;"unsalvaged";3,14;3;0;0;0;0;0;0;0;0;0;1;0;2;0;0;0;0;0;0;0;0;0;0;0;0;0;0;0;1;0;0;0;0;0;0;0;0;0;0;0;1;0;0;0;0;0;1;0;0;0;2;0;0;0;0;1;0;0;3;0;0;0;0;0;0;1;0;0;0;0;0;0;0;0;0;0
"16";"i13";"zmihorski2010BiodivConserv";"pisz";"wind";"birds";5;"unsalvaged";3,14;1;0;0;0;0;0;0;0;0;0;4;0;1;0;0;0;0;0;0;1;0;0;0;0;0;0;0;0;2;0;0;0;0;0;0;0;0;1;0;0;0;0;0;0;0;0;1;0;0;0;0;0;1;0;1;0;0;0;2;0;0;0;0;0;0;2;0;0;0;0;0;0;0;0;0;0
"17";"i14";"zmihorski2010BiodivConserv";"pisz";"wind";"birds";5;"unsalvaged";3,14;0;1;0;0;1;2;0;0;0;0;2;0;0;0;0;0;0;0;0;0;0;0;0;0;0;0;0;0;1;0;0;0;0;0;0;0;1;1;0;0;1;0;0;0;0;0;0;0;0;0;1;0;1;0;0;2;1;0;1;0;0;0;0;0;0;4;0;0;0;0;0;0;0;0;0;0
"18";"i15";"zmihorski2010BiodivConserv";"pisz";"wind";"birds";5;"unsalvaged";3,14;0;0;0;1;1;0;0;0;0;0;0;0;1;1;0;0;0;1;0;0;0;0;0;0;0;0;0;0;0;0;0;0;0;0;0;0;1;1;0;1;0;0;0;0;0;0;1;0;0;0;0;0;3;0;1;1;1;0;0;0;0;0;0;0;0;3;0;0;0;0;0;0;0;0;0;0
"19";"i16";"zmihorski2010BiodivConserv";"pisz";"wind";"birds";5;"unsalvaged";3,14;0;0;0;0;0;1;0;0;0;0;1;0;0;0;0;0;0;0;0;0;0;0;0;0;0;0;1;0;1;0;0;0;0;0;0;1;0;2;0;2;0;0;0;0;0;0;1;0;0;0;3;0;1;0;0;2;0;0;0;1;0;0;0;0;0;3;0;0;0;0;0;0;0;0;0;0
"20";"i17";"zmihorski2010BiodivConserv";"pisz";"wind";"birds";5;"unsalvaged";3,14;0;0;0;0;0;0;0;0;0;0;1;0;0;0;0;0;0;1;0;0;0;0;0;0;0;0;0;0;1;0;1;0;0;0;0;1;0;2;0;2;0;0;0;0;0;0;1;0;0;0;3;0;1;0;2;2;1;0;0;0;0;0;0;0;0;3;0;0;0;0;0;0;0;0;0;0
"21";"i5";"zmihorski2010BiodivConserv";"pisz";"wind";"birds";5;"unsalvaged";3,14;0;0;0;0;0;1;0;0;0;1;1;0;0;0;0;0;0;0;0;0;0;0;0;0;0;0;0;0;0;0;1;0;0;0;0;0;0;1;1;1;0;0;0;1;0;0;2;0;0;0;0;0;1;0;0;2;0;1;0;0;0;0;0;0;0;2;0;0;0;0;0;0;0;0;0;0
"22";"i6";"zmihorski2010BiodivConserv";"pisz";"wind";"birds";5;"unsalvaged";3,14;0;0;0;1;0;0;0;0;0;0;2;0;0;0;0;0;0;0;0;0;0;0;0;0;0;0;1;0;0;0;0;0;0;0;0;2;0;2;1;1;0;0;0;2;0;0;3;0;0;0;0;0;2;0;0;1;0;0;0;0;0;0;0;0;0;3;0;0;0;0;0;0;0;0;0;0
"23";"i7";"zmihorski2010BiodivConserv";"pisz";"wind";"birds";5;"unsalvaged";3,14;0;0;0;1;0;1;0;0;0;0;3;0;0;0;0;1;0;0;0;0;0;0;0;0;0;0;0;0;1;0;1;0;0;0;0;1;0;2;1;1;0;0;0;1;0;0;1;0;0;0;1;0;2;0;0;1;0;0;1;0;0;0;0;0;0;2;0;0;0;0;0;0;0;0;0;0
"24";"i8";"zmihorski2010BiodivConserv";"pisz";"wind";"birds";5;"unsalvaged";3,14;0;0;0;0;0;0;0;0;0;0;1;0;1;0;0;0;0;1;0;1;0;0;0;0;0;0;0;0;0;0;0;0;0;0;0;0;0;2;0;0;0;0;0;2;0;0;1;0;0;0;0;0;1;0;0;1;0;0;1;0;0;0;0;0;0;2;0;0;0;0;0;0;0;0;0;0
"25";"i9";"zmihorski2010BiodivConserv";"pisz";"wind";"birds";5;"unsalvaged";3,14;0;0;0;0;0;0;0;0;0;0;2;0;2;0;0;0;0;0;0;0;0;0;0;0;0;0;0;0;1;0;0;0;0;0;0;1;0;0;0;1;0;0;0;1;0;0;2;0;0;0;1;0;1;0;0;0;0;0;0;0;0;0;0;0;0;1;0;0;0;0;0;0;0;0;0;0
"26";"j10";"zmihorski2010BiodivConserv";"pisz";"wind";"birds";5;"unsalvaged";3,14;0;0;0;0;1;1;0;0;0;0;3;0;0;0;0;0;0;0;0;0;0;0;1;0;0;0;0;0;1;0;0;0;0;0;0;1;0;0;0;0;0;0;0;0;0;0;0;0;0;0;0;0;0;0;1;2;0;0;2;0;0;0;0;0;0;1;0;0;0;0;0;0;0;0;0;0
"27";"j11";"zmihorski2010BiodivConserv";"pisz";"wind";"birds";5;"unsalvaged";3,14;0;1;0;0;0;1;0;0;0;0;0;0;1;0;0;0;0;0;0;0;0;0;0;0;0;0;1;0;1;0;2;0;0;0;0;1;0;0;0;0;1;0;0;1;0;0;1;0;0;0;0;0;1;0;1;2;0;0;0;0;0;0;0;0;0;2;0;0;0;0;0;0;0;0;0;0
"28";"j12";"zmihorski2010BiodivConserv";"pisz";"wind";"birds";5;"unsalvaged";3,14;0;1;0;0;0;1;0;0;0;0;2;0;0;0;0;0;0;0;0;0;0;0;0;0;0;0;0;0;0;0;1;0;0;0;0;0;0;0;0;0;1;0;0;0;0;0;1;0;0;0;0;0;0;0;0;2;0;0;0;0;0;0;0;0;0;2;0;0;0;0;0;0;0;0;0;0
"29";"j13";"zmihorski2010BiodivConserv";"pisz";"wind";"birds";5;"unsalvaged";3,14;0;1;0;0;0;1;0;0;0;0;1;0;0;0;0;0;0;0;0;0;0;0;0;0;0;0;0;0;2;0;2;0;0;0;0;0;1;0;0;0;0;0;0;0;0;0;1;0;0;0;0;0;1;0;2;3;0;0;0;0;0;0;0;0;0;2;0;0;0;0;0;0;0;0;0;0
"30";"j14";"zmihorski2010BiodivConserv";"pisz";"wind";"birds";5;"unsalvaged";3,14;0;0;0;0;0;0;0;0;0;0;0;0;0;0;0;0;0;0;0;0;0;0;0;0;0;0;0;0;0;0;0;0;0;0;0;0;0;0;0;0;0;0;0;0;0;0;0;0;0;0;0;0;0;0;0;1;1;0;0;0;0;1;0;0;0;2;0;0;0;0;0;0;0;0;0;0
"31";"j15";"zmihorski2010BiodivConserv";"pisz";"wind";"birds";5;"unsalvaged";3,14;0;1;0;1;1;0;0;0;0;0;1;0;1;0;0;0;0;0;0;0;0;0;0;0;0;0;0;0;1;0;1;0;0;0;0;0;0;0;0;1;0;0;0;0;0;0;0;0;0;0;0;2;1;0;1;0;0;0;0;0;0;0;0;0;0;2;0;0;0;0;0;0;0;0;0;0
"32";"j16";"zmihorski2010BiodivConserv";"pisz";"wind";"birds";5;"unsalvaged";3,14;0;0;0;0;0;0;0;0;0;0;1;0;0;0;0;0;0;2;0;1;0;0;0;0;0;0;0;0;0;0;0;1;0;0;0;0;1;2;0;2;0;0;0;0;0;0;2;0;0;0;0;0;1;0;1;0;1;0;0;0;0;0;0;0;0;3;0;0;0;0;0;0;0;0;0;0
"33";"j17";"zmihorski2010BiodivConserv";"pisz";"wind";"birds";5;"unsalvaged";3,14;0;1;0;0;0;0;0;0;0;0;0;0;0;0;0;0;0;2;0;1;0;0;0;0;0;0;0;0;1;0;0;0;0;0;0;0;0;1;0;3;0;0;0;2;0;0;2;0;0;0;0;0;2;0;1;1;0;0;0;0;0;0;0;0;0;2;0;0;0;0;0;0;0;0;0;0
"34";"j5";"zmihorski2010BiodivConserv";"pisz";"wind";"birds";5;"unsalvaged";3,14;0;1;0;0;0;0;0;0;0;0;1;0;0;0;0;0;0;1;0;0;0;0;0;0;0;0;1;0;0;0;1;0;0;1;0;0;0;2;0;2;0;0;0;2;0;0;3;1;0;0;1;2;1;0;2;0;0;0;0;0;0;0;0;0;0;3;0;0;0;0;0;0;0;0;0;0
"35";"j6";"zmihorski2010BiodivConserv";"pisz";"wind";"birds";5;"unsalvaged";3,14;0;2;0;0;0;0;0;0;0;0;0;0;0;0;0;0;0;1;0;1;0;0;0;0;0;0;0;0;0;0;0;0;0;1;0;0;0;1;0;3;0;0;0;1;0;0;1;0;0;0;0;0;1;0;3;0;0;3;0;0;0;1;0;1;0;1;0;0;0;0;0;0;0;0;0;0
"36";"j7";"zmihorski2010BiodivConserv";"pisz";"wind";"birds";5;"unsalvaged";3,14;0;0;0;1;0;0;0;0;0;0;3;0;0;0;0;1;0;3;0;2;0;0;0;0;0;0;0;0;0;0;0;0;0;0;0;0;0;2;0;2;0;0;0;3;0;0;1;0;0;0;0;1;1;0;1;0;0;1;0;0;0;1;0;0;0;2;0;0;0;0;0;0;0;0;0;0
"37";"j8";"zmihorski2010BiodivConserv";"pisz";"wind";"birds";5;"unsalvaged";3,14;0;0;1;0;0;0;0;0;0;0;1;0;0;0;0;0;0;2;0;0;0;0;0;0;0;0;0;0;0;0;0;0;0;0;0;0;0;1;0;2;0;0;0;1;0;0;1;0;0;0;1;1;1;0;0;0;0;1;0;0;0;0;0;0;0;3;0;0;0;0;0;0;0;0;0;0
"38";"j9";"zmihorski2010BiodivConserv";"pisz";"wind";"birds";5;"unsalvaged";3,14;0;0;1;0;0;0;0;0;0;0;0;0;2;0;0;1;0;1;0;0;0;0;0;0;0;0;0;0;0;0;0;0;0;0;0;0;0;0;0;1;0;0;0;3;0;0;1;0;0;0;0;0;0;1;1;1;0;0;0;0;1;0;0;0;0;1;0;0;0;0;0;0;0;0;0;0
"39";"k10";"zmihorski2010BiodivConserv";"pisz";"wind";"birds";5;"unsalvaged";3,14;0;0;0;0;0;1;1;0;0;0;2;0;0;0;0;0;0;2;0;0;0;0;0;0;0;0;0;0;0;0;2;1;0;0;0;0;1;1;0;3;0;0;0;1;0;0;1;0;0;0;0;0;0;0;2;1;2;2;0;0;1;0;0;0;0;3;0;0;0;0;0;0;0;0;0;0
"40";"k11";"zmihorski2010BiodivConserv";"pisz";"wind";"birds";5;"unsalvaged";3,14;0;1;2;0;0;0;0;0;0;0;2;0;0;0;0;0;0;0;0;0;0;0;0;0;0;0;0;0;0;0;1;0;0;1;0;0;0;3;0;3;0;0;0;1;0;0;2;0;0;0;0;0;0;0;1;0;0;0;0;0;0;0;0;0;0;2;0;0;0;0;0;0;0;0;0;0
"41";"k12";"zmihorski2010BiodivConserv";"pisz";"wind";"birds";5;"unsalvaged";3,14;0;1;0;0;0;0;0;0;0;0;1;0;0;0;0;0;0;1;0;0;0;0;0;0;0;0;0;0;1;0;0;1;0;0;0;0;0;2;1;2;0;0;0;3;0;0;1;0;0;0;1;0;1;0;2;1;0;0;0;0;1;0;0;0;0;2;0;0;0;0;0;0;0;0;0;0
"42";"k13";"zmihorski2010BiodivConserv";"pisz";"wind";"birds";5;"unsalvaged";3,14;0;2;0;0;0;0;0;0;0;0;1;0;3;1;0;2;0;2;0;0;0;0;0;0;0;0;0;0;1;0;0;0;0;0;0;0;0;1;0;2;0;0;0;0;0;0;1;0;0;0;0;0;1;0;1;1;0;0;1;0;0;0;0;0;0;2;0;0;0;0;0;0;0;0;0;0
"43";"k14";"zmihorski2010BiodivConserv";"pisz";"wind";"birds";5;"unsalvaged";3,14;0;0;0;0;0;0;0;0;0;0;2;0;0;0;0;0;0;1;0;2;0;0;0;0;0;0;0;0;0;0;0;0;0;0;0;2;0;0;1;2;0;0;0;1;0;0;1;0;0;0;2;0;2;0;2;0;0;0;1;0;0;0;0;0;0;2;0;0;0;0;0;0;0;0;0;0
"44";"k15";"zmihorski2010BiodivConserv";"pisz";"wind";"birds";5;"unsalvaged";3,14;0;0;0;0;2;0;0;0;0;0;1;0;0;0;0;0;0;1;0;0;0;1;0;0;0;0;0;0;1;0;1;0;1;0;0;1;1;1;1;1;0;0;0;0;0;0;1;0;0;0;1;2;2;0;1;0;0;0;0;0;0;0;0;0;0;1;0;0;0;0;0;0;0;0;0;0
"45";"k17";"zmihorski2010BiodivConserv";"pisz";"wind";"birds";5;"unsalvaged";3,14;0;0;0;1;0;0;0;0;0;0;1;0;0;0;0;2;0;1;0;0;1;0;0;0;0;0;1;0;0;0;0;1;0;0;0;0;0;0;0;1;0;0;0;1;0;0;1;0;0;0;1;0;3;0;2;0;0;1;0;0;0;0;0;0;0;1;0;0;0;0;0;0;0;0;0;0
"46";"k8";"zmihorski2010BiodivConserv";"pisz";"wind";"birds";5;"unsalvaged";3,14;0;0;1;2;0;0;0;0;0;0;2;0;2;0;0;0;0;1;0;0;1;0;0;0;0;0;0;0;0;0;0;0;0;0;0;1;0;1;0;2;0;0;0;1;0;0;0;0;0;0;1;0;2;0;2;0;0;0;0;0;0;2;0;0;0;3;0;0;0;0;0;0;0;0;0;0
"47";"k9";"zmihorski2010BiodivConserv";"pisz";"wind";"birds";5;"unsalvaged";3,14;0;0;1;0;0;0;0;0;0;0;1;0;2;0;0;0;0;0;0;0;0;0;0;0;0;0;0;0;0;0;0;0;0;0;0;0;0;0;1;2;0;0;0;2;0;0;2;0;0;0;1;0;1;0;1;0;0;0;0;0;0;0;0;0;0;2;0;0;0;0;0;0;0;0;0;0
"48";"l12";"zmihorski2010BiodivConserv";"pisz";"wind";"birds";5;"unsalvaged";3,14;0;0;1;0;0;0;0;0;0;0;1;0;0;0;0;0;0;1;0;0;0;0;0;0;0;0;0;0;0;0;0;1;0;0;0;0;0;1;0;3;0;0;0;0;0;0;2;0;0;0;0;0;1;0;4;1;0;0;0;0;0;0;0;0;0;2;0;0;0;0;0;0;0;0;0;0
"49";"l14";"zmihorski2010BiodivConserv";"pisz";"wind";"birds";5;"unsalvaged";3,14;0;1;1;2;0;0;0;0;0;0;0;0;1;0;0;1;0;1;0;2;0;0;0;0;0;0;0;0;0;1;0;0;0;0;0;0;0;2;0;2;0;0;0;1;0;0;1;0;0;0;0;0;1;0;2;0;0;0;0;0;0;0;0;1;0;2;0;0;0;0;0;0;0;0;0;0
"50";"a0";"zmihorski2010BiodivConserv";"pisz";"wind";"birds";5;"salvaged";3,14;1;0;1;0;0;0;0;0;0;0;0;0;0;0;0;0;0;0;0;0;0;0;0;0;0;0;0;0;0;0;0;0;0;0;1;0;0;1;0;0;0;0;0;1;0;0;1;0;0;0;0;0;0;0;0;1;0;0;1;0;0;0;0;0;0;1;0;0;0;0;0;0;0;0;0;0
"51";"a3";"zmihorski2010BiodivConserv";"pisz";"wind";"birds";5;"salvaged";3,14;0;0;0;0;0;1;0;0;0;0;1;0;0;0;0;0;0;0;0;0;0;0;0;0;0;0;0;0;1;0;0;0;0;0;0;0;0;0;0;0;0;0;0;0;0;0;0;0;0;1;1;1;1;0;0;1;0;0;0;0;0;0;0;0;0;2;0;0;0;0;0;0;0;0;0;0
"52";"a4";"zmihorski2010BiodivConserv";"pisz";"wind";"birds";5;"salvaged";3,14;0;0;0;0;0;0;0;0;0;0;0;0;0;0;0;0;0;0;0;0;0;0;0;0;0;0;0;0;3;0;0;0;0;0;0;0;0;0;0;0;0;3;0;0;0;0;0;0;0;0;0;0;0;0;0;2;0;0;0;0;0;0;0;0;0;1;0;0;0;0;0;0;0;0;0;0
"53";"a5";"zmihorski2010BiodivConserv";"pisz";"wind";"birds";5;"salvaged";3,14;0;0;0;1;0;0;0;0;0;0;0;0;0;0;0;0;0;0;0;1;0;0;0;0;0;0;0;0;1;0;0;1;0;0;0;0;0;1;0;1;0;0;0;0;0;0;1;0;0;0;0;0;1;0;0;2;0;0;1;0;0;0;0;0;0;2;0;0;0;0;0;0;0;0;0;0
"54";"a6";"zmihorski2010BiodivConserv";"pisz";"wind";"birds";5;"salvaged";3,14;0;0;0;0;0;1;0;0;0;0;1;0;0;0;0;0;0;0;0;1;0;0;0;0;0;0;0;0;1;0;1;0;0;0;0;0;0;0;0;0;0;0;0;0;0;0;0;0;0;0;3;1;0;0;0;0;1;0;0;0;0;0;0;0;0;3;0;0;0;0;0;0;0;0;0;0
"55";"a7";"zmihorski2010BiodivConserv";"pisz";"wind";"birds";5;"salvaged";3,14;0;0;0;0;0;0;0;0;0;0;0;0;0;0;0;0;0;0;0;0;0;0;0;0;0;0;0;0;2;0;0;0;0;0;0;0;0;1;0;0;0;0;0;0;0;0;1;0;0;0;2;0;1;0;0;2;0;0;1;0;0;0;0;0;0;3;0;0;0;0;0;0;0;0;0;0
"56";"b0";"zmihorski2010BiodivConserv";"pisz";"wind";"birds";5;"salvaged";3,14;0;0;0;0;0;1;0;0;0;0;0;0;0;0;0;0;0;0;0;0;0;0;0;0;0;0;0;0;3;0;0;1;0;0;0;0;0;2;1;1;0;0;0;0;0;0;1;0;0;0;0;0;0;0;0;1;0;0;1;0;0;0;0;0;0;1;0;0;0;0;0;0;0;0;0;0
"57";"b1";"zmihorski2010BiodivConserv";"pisz";"wind";"birds";5;"salvaged";3,14;0;0;0;1;1;0;0;0;0;0;0;0;0;0;0;0;0;0;0;0;0;0;0;0;0;0;0;0;0;0;1;0;0;0;0;0;0;1;0;1;0;0;0;0;0;0;1;0;0;0;1;0;0;0;0;1;1;1;0;0;0;0;0;0;0;2;0;0;0;0;0;0;0;0;0;0
"58";"b2";"zmihorski2010BiodivConserv";"pisz";"wind";"birds";5;"salvaged";3,14;0;1;0;0;0;0;0;0;0;0;1;0;0;0;0;1;0;1;0;0;0;0;0;0;0;0;0;0;0;0;0;0;0;0;0;0;0;2;0;1;0;0;0;0;0;0;2;2;0;0;0;1;2;0;0;1;0;0;0;0;0;0;0;0;2;3;0;0;0;0;0;0;0;0;0;0
"59";"b3";"zmihorski2010BiodivConserv";"pisz";"wind";"birds";5;"salvaged";3,14;0;0;0;1;0;1;0;0;0;0;1;0;0;1;0;1;0;0;0;0;0;0;0;0;0;0;0;0;0;0;0;0;0;0;0;0;0;1;1;0;0;0;0;0;0;0;0;0;0;0;0;1;0;0;0;1;1;0;0;0;0;0;0;0;0;2;0;0;0;0;0;0;0;0;0;0
"60";"b4";"zmihorski2010BiodivConserv";"pisz";"wind";"birds";5;"salvaged";3,14;0;2;0;0;0;1;0;0;0;0;2;0;0;0;0;0;0;0;0;0;0;0;0;0;1;0;0;0;0;0;0;0;0;0;0;0;0;1;0;2;0;0;0;0;0;0;2;0;0;0;2;0;0;0;1;0;1;0;0;0;0;0;0;0;0;3;0;0;0;0;0;0;0;0;0;0
"61";"b5";"zmihorski2010BiodivConserv";"pisz";"wind";"birds";5;"salvaged";3,14;0;1;0;0;0;0;0;0;0;0;1;0;0;0;0;0;0;0;0;0;0;0;0;0;0;0;0;0;1;0;1;0;0;0;0;0;0;0;0;0;0;0;0;0;0;0;0;0;0;0;0;0;0;0;0;2;0;0;0;0;0;0;0;0;0;3;0;0;0;0;0;0;0;0;0;0
"62";"b6";"zmihorski2010BiodivConserv";"pisz";"wind";"birds";5;"salvaged";3,14;0;3;0;0;0;0;0;0;0;0;2;0;0;0;0;0;0;0;0;0;0;0;0;0;0;0;0;0;1;0;0;0;0;0;0;0;0;0;0;1;0;0;0;1;0;0;1;0;0;0;0;0;2;0;1;2;0;0;0;0;0;0;0;0;0;3;0;0;0;0;0;0;0;0;0;0
"63";"c0";"zmihorski2010BiodivConserv";"pisz";"wind";"birds";5;"salvaged";3,14;2;0;1;0;0;0;0;0;0;0;0;0;1;0;0;0;0;0;0;0;0;0;0;0;0;0;0;0;1;0;0;1;0;0;0;0;0;1;0;2;0;1;0;0;0;0;1;0;0;1;0;0;0;0;0;1;0;0;1;0;0;0;0;0;0;2;0;0;0;0;0;0;0;0;0;0
"64";"c1";"zmihorski2010BiodivConserv";"pisz";"wind";"birds";5;"salvaged";3,14;2;0;2;0;0;0;0;0;0;0;0;0;0;0;0;1;0;0;0;1;0;0;0;0;0;0;0;0;1;0;0;0;0;0;0;0;0;0;0;0;0;0;0;0;0;0;0;0;0;0;0;0;0;0;0;2;0;0;1;0;0;0;0;0;0;2;0;0;0;0;0;0;0;0;0;0
"65";"c2";"zmihorski2010BiodivConserv";"pisz";"wind";"birds";5;"salvaged";3,14;0;1;1;0;0;0;0;0;0;0;2;0;0;0;0;0;0;0;0;0;0;0;0;0;0;0;0;0;1;0;0;0;0;0;0;0;0;0;0;1;0;0;0;0;0;0;0;0;0;0;1;0;1;0;1;2;0;0;0;0;0;0;0;0;0;3;0;0;0;0;0;0;0;0;0;0
"66";"c3";"zmihorski2010BiodivConserv";"pisz";"wind";"birds";5;"salvaged";3,14;0;0;0;0;0;0;0;0;0;0;1;0;1;0;0;0;0;0;0;0;0;0;0;0;0;0;0;0;2;0;0;0;0;0;0;0;0;0;0;0;0;0;0;1;0;0;1;0;0;0;1;0;0;0;0;3;1;0;0;0;0;0;0;0;0;2;0;0;0;0;0;0;0;0;0;0
"67";"c4";"zmihorski2010BiodivConserv";"pisz";"wind";"birds";5;"salvaged";3,14;0;0;0;1;0;0;0;0;0;0;2;0;0;0;0;0;2;0;0;0;0;0;0;0;0;0;0;0;2;0;0;0;0;0;0;1;0;0;0;0;0;0;0;0;0;0;1;0;0;0;0;0;0;0;0;2;0;0;0;0;0;0;0;0;0;3;0;0;0;0;0;0;0;0;0;0
"68";"c5";"zmihorski2010BiodivConserv";"pisz";"wind";"birds";5;"salvaged";3,14;0;0;0;0;0;0;0;0;0;0;3;0;0;0;0;0;0;1;2;1;0;0;0;0;0;0;0;0;1;0;0;0;0;0;0;0;0;0;0;2;0;0;0;1;0;0;1;0;0;0;0;1;0;0;0;0;0;0;1;0;0;0;0;0;0;2;0;0;0;0;0;0;0;0;0;0
"69";"d1";"zmihorski2010BiodivConserv";"pisz";"wind";"birds";5;"salvaged";3,14;0;0;2;1;0;0;0;0;0;0;1;0;1;0;0;0;0;0;0;1;0;0;0;0;0;1;0;0;0;0;0;0;0;0;0;0;0;2;0;0;0;1;0;0;0;0;1;0;0;0;0;0;2;0;0;0;0;0;0;0;0;0;0;0;0;3;0;0;0;0;0;0;0;0;0;0
"70";"d2";"zmihorski2010BiodivConserv";"pisz";"wind";"birds";5;"salvaged";3,14;0;1;0;0;0;0;0;0;0;0;1;0;0;0;0;0;0;0;0;0;0;0;0;0;0;0;0;0;1;0;0;0;0;0;0;0;0;0;0;0;0;0;0;0;0;0;0;0;0;0;0;0;0;0;1;2;0;0;1;0;0;0;0;0;0;1;0;0;0;0;0;0;0;0;0;0
"71";"d3";"zmihorski2010BiodivConserv";"pisz";"wind";"birds";5;"salvaged";3,14;3;0;1;0;0;0;0;0;0;0;0;0;0;0;0;0;0;0;0;0;0;0;0;0;0;0;0;0;0;0;0;0;0;0;0;0;0;0;0;0;0;0;1;0;0;0;0;0;0;2;0;0;0;0;0;0;0;0;0;0;0;0;0;0;0;0;0;0;0;0;0;0;0;0;0;0
"72";"d4";"zmihorski2010BiodivConserv";"pisz";"wind";"birds";5;"salvaged";3,14;0;1;1;0;1;1;0;0;0;0;0;0;0;0;0;0;0;0;0;0;0;0;0;0;0;0;1;0;2;0;0;0;0;0;0;0;0;1;0;0;0;0;0;2;0;0;1;0;0;0;2;0;0;0;0;1;1;0;0;0;0;0;0;0;0;3;0;0;0;0;0;0;0;0;0;0
"73";"d5";"zmihorski2010BiodivConserv";"pisz";"wind";"birds";5;"salvaged";3,14;0;1;0;0;0;0;0;0;0;0;1;0;0;0;0;0;0;0;0;0;0;0;1;0;0;0;0;0;1;0;0;0;0;0;0;0;0;2;0;0;0;0;0;0;0;0;0;0;0;0;0;0;2;0;0;1;1;0;0;0;0;1;0;0;0;2;0;0;0;0;0;0;0;0;0;0
"74";"e1";"zmihorski2010BiodivConserv";"pisz";"wind";"birds";5;"salvaged";3,14;0;0;1;0;0;0;0;0;1;0;1;0;0;0;0;0;0;1;0;1;0;0;0;0;0;0;0;0;0;0;0;0;0;0;0;0;0;1;1;1;0;0;0;3;0;1;1;0;0;0;0;0;0;0;1;0;0;1;1;0;0;0;0;0;0;3;0;0;0;0;0;0;0;0;0;0
"75";"e2";"zmihorski2010BiodivConserv";"pisz";"wind";"birds";5;"salvaged";3,14;0;0;1;0;0;0;0;0;0;0;1;0;1;0;0;0;0;1;0;0;0;0;0;0;0;0;0;0;1;0;0;0;0;0;0;0;0;2;2;1;0;0;0;2;0;0;1;0;0;0;1;0;3;0;0;1;0;1;1;0;0;0;0;0;0;2;0;0;0;0;0;0;0;0;0;0
"76";"e3";"zmihorski2010BiodivConserv";"pisz";"wind";"birds";5;"salvaged";3,14;2;0;0;0;0;0;0;0;0;0;0;0;0;0;0;0;0;0;0;0;0;0;0;0;0;0;0;0;2;0;0;0;0;0;0;1;0;1;0;0;0;1;0;0;0;0;1;0;0;1;0;0;0;0;0;1;0;0;1;0;0;1;0;0;0;3;0;0;0;0;0;0;0;0;0;0
"77";"e4";"zmihorski2010BiodivConserv";"pisz";"wind";"birds";5;"salvaged";3,14;2;0;0;0;0;1;0;0;0;0;0;0;0;0;0;0;0;0;0;0;0;1;0;0;0;0;0;0;0;0;0;0;0;0;0;1;0;1;0;0;0;2;0;1;2;0;0;0;0;2;0;0;0;0;0;0;0;0;0;0;0;0;0;0;0;2;0;0;0;0;0;0;0;0;0;0
"78";"e5";"zmihorski2010BiodivConserv";"pisz";"wind";"birds";5;"salvaged";3,14;0;0;0;0;0;0;0;0;0;0;0;0;0;0;0;0;0;0;0;0;0;0;0;0;0;0;1;0;1;0;0;0;0;0;0;1;0;0;0;0;0;0;0;0;0;0;1;0;0;1;0;0;0;0;0;2;0;0;2;0;0;0;0;0;0;2;0;0;0;0;0;0;0;0;0;0
"79";"f0";"zmihorski2010BiodivConserv";"pisz";"wind";"birds";5;"salvaged";3,14;0;0;0;0;0;0;0;0;0;0;2;0;0;0;0;0;0;0;0;0;0;0;0;0;0;0;1;1;1;0;0;0;0;0;0;0;0;0;0;1;0;0;0;0;0;0;0;0;0;0;1;0;1;0;0;1;0;0;0;0;0;0;0;0;0;1;0;0;0;0;0;0;0;0;0;0
"80";"f1";"zmihorski2010BiodivConserv";"pisz";"wind";"birds";5;"salvaged";3,14;0;0;2;2;0;0;0;0;0;0;1;0;0;0;0;0;0;0;0;2;0;0;0;0;0;1;0;0;1;0;0;0;0;0;0;0;0;1;2;0;0;0;0;1;0;0;1;0;0;0;1;0;1;0;0;0;0;0;2;0;0;0;0;0;0;2;0;0;0;0;0;0;0;0;0;0
"81";"f10";"zmihorski2010BiodivConserv";"pisz";"wind";"birds";5;"salvaged";3,14;0;0;1;0;0;0;0;0;0;0;0;0;0;0;0;0;0;0;0;0;0;0;0;0;0;0;0;0;0;0;0;0;0;0;0;1;0;0;0;1;0;0;0;0;0;0;0;0;0;0;1;0;0;0;0;1;0;0;1;0;0;0;0;0;0;3;0;0;0;0;0;0;0;0;0;0
"82";"f11";"zmihorski2010BiodivConserv";"pisz";"wind";"birds";5;"salvaged";3,14;2;0;1;0;0;1;0;0;0;0;0;1;0;0;0;0;0;0;0;0;0;0;0;0;0;0;0;0;1;0;0;0;0;0;0;0;0;0;0;1;0;0;0;0;0;0;1;0;0;0;0;0;1;1;0;1;0;0;2;0;0;0;0;0;0;1;0;0;0;0;0;0;0;0;0;0
"83";"f3";"zmihorski2010BiodivConserv";"pisz";"wind";"birds";5;"salvaged";3,14;0;0;0;0;0;0;0;0;0;0;1;0;0;0;0;0;0;0;0;0;0;1;0;0;0;0;0;0;2;0;0;0;0;0;0;0;0;1;0;0;0;0;0;0;0;0;0;0;0;0;1;0;1;0;0;2;0;0;3;0;0;0;0;0;0;3;0;0;0;0;0;0;0;0;0;0
"84";"f5";"zmihorski2010BiodivConserv";"pisz";"wind";"birds";5;"salvaged";3,14;0;0;0;0;0;0;0;0;0;0;1;0;0;0;0;0;0;0;0;0;0;0;0;0;0;0;0;0;2;0;0;0;0;0;0;0;0;1;0;0;0;0;0;0;0;0;0;0;0;1;1;0;0;0;0;1;0;0;2;0;0;0;0;0;0;2;0;0;0;0;0;0;0;0;0;0
"85";"f7";"zmihorski2010BiodivConserv";"pisz";"wind";"birds";5;"salvaged";3,14;0;3;1;0;0;0;0;0;0;0;0;0;1;0;0;0;0;1;0;1;0;0;0;0;0;0;0;0;1;0;0;1;0;0;0;0;0;0;0;2;0;2;0;1;0;0;1;0;0;0;2;0;1;0;0;0;0;2;2;0;0;0;0;1;0;4;0;0;0;0;0;0;0;0;0;0
"86";"f8";"zmihorski2010BiodivConserv";"pisz";"wind";"birds";5;"salvaged";3,14;0;1;0;0;0;1;0;0;0;0;0;0;0;0;0;0;0;0;0;0;0;0;0;0;0;0;1;0;0;0;0;0;0;0;0;0;0;0;0;1;0;0;0;1;0;0;2;0;0;1;1;0;0;0;0;0;0;0;2;0;0;0;0;0;0;2;0;0;0;0;0;0;0;0;0;0
"87";"f9";"zmihorski2010BiodivConserv";"pisz";"wind";"birds";5;"salvaged";3,14;0;0;0;0;0;0;0;0;0;0;0;0;1;0;0;0;0;0;0;0;0;0;0;0;0;0;0;0;1;0;0;0;0;0;0;0;0;1;0;0;0;0;0;0;1;0;0;0;0;3;0;0;0;0;0;0;0;0;2;0;0;0;0;0;0;1;0;0;0;0;0;0;0;0;0;0
"88";"g1";"zmihorski2010BiodivConserv";"pisz";"wind";"birds";5;"salvaged";3,14;1;0;0;0;0;0;0;0;0;0;1;0;1;0;0;0;0;0;0;0;0;0;0;0;0;0;0;0;4;0;0;0;0;0;0;0;0;0;0;0;0;0;0;0;0;0;1;0;0;1;1;0;1;0;0;2;0;0;1;0;0;0;0;0;0;2;0;0;0;0;0;0;0;0;0;0
"89";"g10";"zmihorski2010BiodivConserv";"pisz";"wind";"birds";5;"salvaged";3,14;0;0;0;0;0;1;0;0;0;0;2;0;1;1;0;0;0;0;0;0;0;0;0;0;0;0;0;0;1;0;0;1;0;0;0;0;0;0;0;0;0;0;0;0;0;0;1;0;0;1;0;0;0;0;0;0;0;0;0;0;0;0;0;0;0;2;0;0;0;0;0;0;0;0;0;0
"90";"g11";"zmihorski2010BiodivConserv";"pisz";"wind";"birds";5;"salvaged";3,14;0;2;0;0;0;0;0;0;0;0;0;0;1;0;0;0;0;0;0;0;0;0;0;0;0;0;0;0;0;0;0;1;0;0;0;0;0;0;0;0;0;0;0;0;0;0;1;0;1;0;0;0;0;0;0;0;1;0;0;0;0;1;0;0;0;4;0;0;0;0;0;0;0;0;0;0
"91";"g2";"zmihorski2010BiodivConserv";"pisz";"wind";"birds";5;"salvaged";3,14;0;0;1;0;0;0;0;0;0;0;0;0;0;0;0;0;0;0;0;0;0;0;0;0;0;0;0;0;2;0;0;0;0;0;0;0;0;0;0;0;0;0;0;0;0;0;0;0;0;0;2;0;0;0;0;2;0;0;1;0;0;1;0;0;0;1;0;0;0;0;0;0;0;0;0;0
"92";"g3";"zmihorski2010BiodivConserv";"pisz";"wind";"birds";5;"salvaged";3,14;1;0;1;0;0;0;0;0;0;0;0;0;0;0;0;0;0;0;0;1;0;0;0;0;0;0;0;0;2;0;0;0;0;0;0;0;0;0;0;0;0;0;0;0;0;0;0;0;0;0;1;0;1;0;0;0;0;2;3;0;0;0;0;0;0;1;0;0;0;0;0;0;0;0;0;0
"93";"g4";"zmihorski2010BiodivConserv";"pisz";"wind";"birds";5;"salvaged";3,14;1;0;0;0;0;0;0;0;0;0;0;0;0;0;0;0;0;0;0;1;0;0;0;0;0;0;0;0;3;0;0;0;0;1;0;0;0;1;0;0;0;0;0;0;0;0;1;0;0;0;0;0;1;0;0;1;0;0;2;1;0;0;0;0;0;3;0;0;0;0;0;0;0;0;0;0
"94";"g5";"zmihorski2010BiodivConserv";"pisz";"wind";"birds";5;"salvaged";3,14;0;0;1;0;0;0;0;0;0;0;0;0;2;0;0;0;0;0;0;1;1;0;0;0;0;0;0;0;1;0;0;0;0;0;0;0;0;1;0;0;0;0;0;1;0;0;0;0;0;1;0;0;1;0;0;0;0;0;2;0;0;0;0;0;0;2;0;0;0;0;0;0;0;0;0;0
"95";"g6";"zmihorski2010BiodivConserv";"pisz";"wind";"birds";5;"salvaged";3,14;2;0;0;0;0;0;0;0;0;0;0;0;1;0;0;0;0;0;0;0;0;0;0;0;0;0;0;0;1;0;0;0;0;0;0;0;0;0;0;0;0;2;0;0;0;0;0;0;0;1;0;0;1;0;0;0;0;0;2;0;0;0;1;0;0;0;0;0;0;0;0;0;0;0;0;0
"96";"g8";"zmihorski2010BiodivConserv";"pisz";"wind";"birds";5;"salvaged";3,14;0;0;0;0;0;0;0;0;0;0;1;0;1;0;0;0;0;0;0;1;0;0;0;0;0;0;0;0;0;0;0;0;0;0;0;1;0;0;0;0;0;0;0;0;0;0;0;0;0;1;1;0;0;0;0;1;0;0;2;0;0;0;0;0;0;2;0;0;0;0;0;0;0;0;0;0
"97";"g9";"zmihorski2010BiodivConserv";"pisz";"wind";"birds";5;"salvaged";3,14;0;0;0;0;0;0;0;0;0;0;2;0;1;0;0;0;0;0;0;0;0;0;0;0;0;0;0;0;1;0;0;0;0;0;0;0;0;0;0;0;0;0;0;0;0;0;0;0;0;0;1;0;0;0;0;1;0;0;1;0;0;0;0;0;0;3;0;0;0;0;0;0;0;0;0;0
"98";"h0";"zmihorski2010BiodivConserv";"pisz";"wind";"birds";5;"salvaged";3,14;0;0;0;0;0;0;0;0;0;0;2;0;0;0;1;0;0;1;0;1;0;0;0;0;0;0;0;0;0;0;0;0;0;0;0;0;0;0;0;0;0;0;0;0;0;0;2;0;0;0;0;0;0;0;1;2;0;0;0;0;0;0;0;0;0;3;0;0;0;0;0;0;0;0;0;0
"99";"h1";"zmihorski2010BiodivConserv";"pisz";"wind";"birds";5;"salvaged";3,14;0;0;0;0;0;0;0;0;0;1;2;0;2;0;0;0;0;0;0;1;0;0;1;0;0;0;0;0;1;0;0;1;0;0;0;1;0;0;0;0;0;0;0;0;0;0;1;0;0;0;0;1;2;0;0;2;0;1;2;0;0;0;0;0;0;2;0;0;0;0;0;0;0;0;0;0
"100";"h2";"zmihorski2010BiodivConserv";"pisz";"wind";"birds";5;"salvaged";3,14;2;0;0;0;0;0;0;0;0;0;2;0;0;0;0;0;0;0;0;1;0;0;0;0;0;1;0;0;2;0;0;0;0;0;0;0;0;0;0;0;0;0;0;0;0;0;0;0;0;0;0;0;1;0;0;0;0;1;2;0;0;0;0;0;0;2;0;0;0;0;0;0;0;0;0;0
"101";"h3";"zmihorski2010BiodivConserv";"pisz";"wind";"birds";5;"salvaged";3,14;0;0;0;0;0;0;0;0;0;0;0;0;0;0;0;0;0;1;0;0;0;0;0;0;0;1;0;0;3;0;0;0;0;0;0;0;0;1;2;1;0;0;0;2;0;0;1;0;0;0;1;0;2;0;1;0;0;0;2;0;0;0;0;0;0;2;0;0;0;0;0;0;0;0;0;0
"102";"h4";"zmihorski2010BiodivConserv";"pisz";"wind";"birds";5;"salvaged";3,14;0;2;1;0;0;0;0;0;0;0;0;0;0;0;0;0;0;0;0;0;0;0;0;0;0;0;2;0;2;0;0;0;0;0;0;0;0;0;0;1;0;0;0;1;0;0;1;0;0;0;0;0;1;0;0;1;0;0;2;0;0;0;0;0;0;3;0;0;0;0;0;0;0;0;0;0
"103";"x4";"zmihorski2010BiodivConserv";"pisz";"wind";"birds";5;"salvaged";3,14;0;1;1;0;0;0;0;0;0;0;3;0;0;0;0;0;0;0;0;2;0;0;0;0;0;0;0;0;2;0;0;0;0;0;0;0;0;1;0;1;0;0;0;0;0;0;1;0;0;0;0;0;0;0;0;1;1;0;0;0;0;0;0;0;0;3;0;0;0;0;0;0;0;0;0;0
"104";"x5";"zmihorski2010BiodivConserv";"pisz";"wind";"birds";5;"salvaged";3,14;0;0;0;0;0;0;0;0;0;0;1;0;2;0;0;1;0;0;0;0;0;0;0;0;0;0;0;0;3;0;0;0;0;0;0;0;0;0;0;0;0;0;0;0;0;0;0;0;0;0;0;0;0;0;0;0;0;0;1;0;0;0;0;0;0;2;0;0;0;0;0;0;0;0;0;0
"105";"x6";"zmihorski2010BiodivConserv";"pisz";"wind";"birds";5;"salvaged";3,14;0;0;0;0;0;0;0;0;0;0;1;0;1;0;0;1;0;0;0;0;0;0;0;0;0;0;0;0;4;0;0;0;0;0;0;0;0;0;0;0;0;0;0;0;0;0;1;0;0;0;1;0;0;0;0;2;0;0;0;0;0;1;0;0;0;3;0;0;0;0;0;0;0;0;0;0
"106";"x7";"zmihorski2010BiodivConserv";"pisz";"wind";"birds";5;"salvaged";3,14;0;0;0;0;0;0;0;0;0;0;0;0;0;0;0;0;0;0;0;1;0;0;0;0;0;0;0;0;0;0;0;0;0;0;0;0;1;2;0;1;0;0;0;0;0;0;1;0;0;0;1;1;0;0;0;1;1;0;0;0;0;2;2;0;0;2;0;0;0;0;0;0;0;0;0;0
"107";"h10";"zmihorski,unpublished";"pisz";"wind";"birds";9;"unsalvaged";3,14;0;0;0;0;0;1;0;0;0;0;0;0;0;0;0;0;0;0;0;0;0;0;0;0;0;0;0;0;0;0;0;0;0;0;0;0;0;1;0;0;1;0;0;0;0;0;1;0;0;0;0;1;0;0;0;2;0;0;0;0;0;0;0;0;0;1;0;0;0;0;0;0;0;0;0;0
"108";"h11";"zmihorski,unpublished";"pisz";"wind";"birds";9;"unsalvaged";3,14;0;0;0;0;0;1;1;0;0;0;0;0;0;0;0;0;0;0;0;0;0;0;0;0;0;0;0;0;0;0;1;0;0;0;0;0;0;2;0;0;1;0;0;0;0;0;0;0;0;0;0;0;0;0;0;2;0;0;0;0;0;0;0;0;0;4;0;0;0;0;0;0;0;0;0;0
"109";"h12";"zmihorski,unpublished";"pisz";"wind";"birds";9;"unsalvaged";3,14;0;0;0;0;0;1;0;0;0;0;1;0;0;0;0;0;0;0;0;0;0;0;0;0;0;0;0;0;0;0;0;0;0;0;0;1;0;1;0;0;0;0;0;0;0;0;0;0;0;0;0;0;0;0;0;1;0;4;0;0;0;0;0;0;0;2;0;0;0;0;0;0;0;0;0;0
"110";"h13";"zmihorski,unpublished";"pisz";"wind";"birds";9;"unsalvaged";3,14;0;0;0;0;0;0;1;0;0;0;0;0;0;0;0;0;0;0;0;1;0;0;0;0;0;0;0;0;1;0;0;0;0;0;0;1;0;0;0;0;0;0;0;0;0;0;0;0;0;0;0;0;0;0;0;1;0;1;2;0;0;0;0;0;0;3;0;0;0;0;0;0;0;0;0;0
"111";"h14";"zmihorski,unpublished";"pisz";"wind";"birds";9;"unsalvaged";3,14;0;1;0;1;0;0;1;0;0;0;1;0;0;0;0;0;0;0;0;0;0;0;0;0;0;0;0;0;0;0;0;0;0;0;0;0;0;2;0;0;0;0;0;1;0;0;1;0;0;0;1;1;0;0;0;1;0;0;0;0;0;0;0;0;0;3;0;0;0;0;0;0;0;0;0;0
"112";"h15";"zmihorski,unpublished";"pisz";"wind";"birds";9;"unsalvaged";3,14;0;1;0;0;0;0;1;0;0;0;1;0;0;0;0;0;0;0;0;0;0;0;0;0;0;0;0;0;0;0;0;0;0;0;0;0;0;1;0;0;0;0;0;0;0;0;1;0;0;0;1;3;0;0;0;0;1;0;0;0;0;0;0;0;0;2;0;0;0;0;0;0;0;0;0;0
"113";"h16";"zmihorski,unpublished";"pisz";"wind";"birds";9;"unsalvaged";3,14;0;0;0;0;0;1;1;0;0;0;2;0;0;0;0;0;0;0;0;0;0;0;0;0;0;0;0;0;1;0;0;0;0;0;0;1;0;1;0;1;0;0;0;0;0;0;0;0;0;0;0;0;0;0;0;2;1;2;0;0;2;0;0;0;0;2;0;0;0;0;0;0;1;0;0;0
"114";"h5";"zmihorski,unpublished";"pisz";"wind";"birds";9;"unsalvaged";3,14;0;0;0;3;0;1;1;0;0;0;1;0;0;0;0;0;0;0;0;0;0;0;0;1;0;0;1;0;0;0;0;0;0;0;0;0;0;0;0;0;0;0;0;1;0;0;1;2;0;0;0;0;0;0;0;0;0;1;1;0;0;3;0;0;0;2;0;0;0;0;0;0;0;0;0;0
"115";"h6";"zmihorski,unpublished";"pisz";"wind";"birds";9;"unsalvaged";3,14;0;0;0;1;0;0;0;0;0;0;1;0;0;0;0;0;0;0;0;0;0;0;0;0;0;0;2;0;1;0;0;0;0;0;0;1;0;2;0;0;0;0;0;1;0;0;1;0;0;0;0;0;1;0;0;0;2;0;0;0;0;0;0;0;0;3;0;0;0;0;0;0;0;0;0;0
"116";"h7";"zmihorski,unpublished";"pisz";"wind";"birds";9;"unsalvaged";3,14;0;0;0;0;0;1;1;0;0;0;0;0;0;0;0;0;0;0;0;0;0;0;0;0;0;0;1;0;1;0;0;0;0;0;0;1;0;2;0;0;0;0;0;0;0;0;1;0;0;0;1;0;1;0;0;0;1;0;0;0;0;0;0;0;0;1;0;0;0;0;0;0;0;0;0;0
"117";"h8";"zmihorski,unpublished";"pisz";"wind";"birds";9;"unsalvaged";3,14;0;0;0;0;0;1;0;0;0;0;0;0;0;0;0;0;0;0;0;1;0;0;0;0;0;0;1;0;1;0;0;0;0;0;0;1;0;1;0;0;1;0;0;0;0;0;2;0;0;0;0;0;0;0;0;0;1;0;0;1;0;0;0;0;0;2;0;0;0;0;0;0;0;0;0;0
"118";"h9";"zmihorski,unpublished";"pisz";"wind";"birds";9;"unsalvaged";3,14;0;0;0;1;0;1;1;0;0;0;0;0;0;0;0;0;0;0;0;0;0;0;0;0;0;0;0;0;0;0;0;0;0;0;0;0;0;4;0;0;1;0;0;0;0;0;0;0;0;0;1;0;0;0;0;0;0;0;0;0;0;0;0;0;0;4;0;0;0;0;0;0;0;0;0;0
"119";"i10";"zmihorski,unpublished";"pisz";"wind";"birds";9;"unsalvaged";3,14;0;0;0;0;0;0;0;0;0;0;0;0;0;0;0;0;0;0;0;0;0;0;0;0;0;0;0;0;0;0;0;0;0;0;0;2;0;2;0;0;0;0;0;0;0;0;0;0;0;0;0;0;0;0;0;2;0;0;1;0;0;0;0;0;0;2;0;0;0;0;0;0;0;0;0;0
"120";"i11";"zmihorski,unpublished";"pisz";"wind";"birds";9;"unsalvaged";3,14;0;0;0;0;0;0;0;0;0;0;0;0;0;0;0;0;0;0;0;0;0;0;0;0;0;0;0;0;2;0;0;0;0;0;0;0;0;1;0;0;0;0;0;0;0;0;0;0;0;0;0;0;0;0;0;1;0;0;0;0;0;0;0;0;0;2;0;0;0;0;0;0;0;0;0;0
"121";"i12";"zmihorski,unpublished";"pisz";"wind";"birds";9;"unsalvaged";3,14;0;0;0;0;0;1;0;0;0;0;1;0;0;0;0;0;0;0;0;1;0;0;0;0;0;0;0;0;1;0;0;0;0;0;0;0;0;1;0;0;0;0;0;0;0;0;0;0;0;0;0;0;1;0;0;0;0;0;2;0;0;0;0;0;0;3;0;0;0;0;0;0;0;0;0;0
"122";"i13";"zmihorski,unpublished";"pisz";"wind";"birds";9;"unsalvaged";3,14;0;0;0;0;0;0;0;0;0;0;1;0;0;0;0;0;0;0;0;0;0;0;0;0;0;0;0;0;0;0;0;0;0;0;0;1;0;0;0;0;0;0;0;0;0;0;0;0;0;0;0;0;1;0;0;0;0;1;0;0;0;0;0;0;0;3;0;0;0;0;0;0;0;0;0;0
"123";"i14";"zmihorski,unpublished";"pisz";"wind";"birds";9;"unsalvaged";3,14;0;0;0;0;0;0;1;0;0;0;2;0;0;0;0;0;0;0;0;0;0;0;0;0;0;0;0;0;1;0;0;0;0;0;0;0;0;2;0;0;1;0;0;1;0;0;1;0;0;0;0;0;1;0;0;2;2;0;0;0;0;1;0;0;0;3;0;0;0;0;0;0;0;0;0;0
"124";"i15";"zmihorski,unpublished";"pisz";"wind";"birds";9;"unsalvaged";3,14;0;0;0;0;0;1;2;0;0;0;1;0;0;0;0;0;0;0;0;0;0;0;0;0;0;0;0;0;0;0;0;0;0;0;0;0;1;3;0;0;0;0;0;1;0;0;1;0;0;0;0;0;0;0;0;0;1;0;0;0;0;0;0;0;0;4;0;0;0;0;0;0;0;0;0;0
"125";"i16";"zmihorski,unpublished";"pisz";"wind";"birds";9;"unsalvaged";3,14;0;0;0;0;0;1;1;0;0;0;0;0;0;0;0;0;0;0;0;0;0;0;0;0;0;0;1;0;0;0;0;0;0;0;0;1;0;1;0;0;1;0;0;0;0;0;1;0;0;0;0;0;1;0;0;1;2;1;0;0;0;0;0;0;0;3;0;0;0;0;0;0;0;0;0;0
"126";"i17";"zmihorski,unpublished";"pisz";"wind";"birds";9;"unsalvaged";3,14;0;0;0;1;0;1;1;0;0;0;1;0;0;0;0;0;0;0;0;0;0;0;0;0;0;0;0;0;1;0;0;0;0;0;0;2;0;1;0;0;0;0;0;0;0;0;0;0;0;0;0;0;1;0;0;0;1;0;1;0;0;0;0;0;0;2;0;0;0;0;0;0;0;0;0;0
"127";"i5";"zmihorski,unpublished";"pisz";"wind";"birds";9;"unsalvaged";3,14;0;2;0;0;0;1;1;0;0;0;2;0;0;1;0;0;0;0;0;1;0;0;0;0;0;0;1;0;0;0;0;0;0;0;0;0;0;1;0;1;0;0;0;0;0;0;1;0;0;0;2;1;0;0;0;0;0;1;1;0;0;1;0;0;0;2;0;0;0;0;0;0;0;0;0;0
"128";"i6";"zmihorski,unpublished";"pisz";"wind";"birds";9;"unsalvaged";3,14;0;1;0;2;0;0;0;1;0;0;3;0;0;1;0;0;0;1;0;0;0;0;0;0;0;0;1;0;0;0;0;0;0;0;0;2;0;2;1;1;0;0;0;1;0;0;0;0;0;0;1;1;0;0;1;0;1;0;0;0;0;0;0;0;0;3;0;0;2;0;0;0;0;0;0;0
"129";"i7";"zmihorski,unpublished";"pisz";"wind";"birds";9;"unsalvaged";3,14;0;0;1;1;0;1;0;0;0;0;1;0;0;0;0;0;0;0;0;1;0;0;0;0;0;0;1;0;0;0;0;1;0;0;0;2;0;2;0;1;0;0;0;1;0;0;1;1;0;0;0;0;0;0;1;0;0;0;0;0;0;0;0;0;0;2;0;0;0;0;0;0;0;0;0;0
"130";"i8";"zmihorski,unpublished";"pisz";"wind";"birds";9;"unsalvaged";3,14;0;0;0;2;0;0;0;0;0;0;1;0;0;0;0;0;0;0;0;0;0;0;0;0;0;0;1;0;0;0;0;0;0;0;0;0;0;2;1;1;0;0;0;1;0;0;2;0;0;0;0;0;1;0;0;0;0;0;0;0;0;0;0;0;0;1;0;0;0;0;0;0;0;0;1;0
"131";"i9";"zmihorski,unpublished";"pisz";"wind";"birds";9;"unsalvaged";3,14;0;0;0;0;0;0;1;0;0;0;1;0;0;0;0;0;0;1;0;1;0;0;0;0;0;0;0;0;0;0;3;0;0;0;0;1;0;1;0;0;0;0;0;1;0;0;1;0;0;0;0;0;0;0;0;2;0;0;0;0;0;0;0;0;0;1;0;0;0;0;0;0;0;0;0;0
"132";"j10";"zmihorski,unpublished";"pisz";"wind";"birds";9;"unsalvaged";3,14;0;1;0;0;0;1;0;0;0;0;3;0;0;0;0;0;0;0;0;0;0;0;0;0;0;0;0;0;0;0;2;0;0;0;0;1;0;1;0;0;1;0;0;2;0;0;0;0;0;0;0;1;1;0;0;1;0;3;0;0;0;1;0;0;0;3;0;0;0;0;0;0;0;0;0;0
"133";"j11";"zmihorski,unpublished";"pisz";"wind";"birds";9;"unsalvaged";3,14;0;0;0;0;0;2;0;0;0;0;1;0;0;0;0;0;0;0;0;0;0;0;0;0;0;0;0;0;1;0;0;0;0;0;0;1;0;1;0;0;1;0;0;0;0;0;0;0;0;0;0;1;0;0;0;1;0;0;0;0;0;2;0;0;0;3;0;0;0;0;0;0;0;0;0;0
"134";"j12";"zmihorski,unpublished";"pisz";"wind";"birds";9;"unsalvaged";3,14;0;0;0;0;0;1;2;0;0;0;1;0;0;0;0;0;0;0;0;0;0;0;0;0;0;0;0;0;0;0;0;0;0;0;0;0;0;0;0;0;1;0;0;1;0;0;0;0;0;0;0;0;0;0;0;1;1;0;0;0;0;0;0;0;0;4;0;0;0;0;0;0;0;0;0;0
"135";"j13";"zmihorski,unpublished";"pisz";"wind";"birds";9;"unsalvaged";3,14;0;0;0;0;0;1;1;0;0;0;1;0;0;0;0;0;0;0;0;0;0;0;0;0;0;0;0;0;0;0;0;0;0;0;0;0;0;1;0;0;0;0;0;0;0;0;0;0;0;0;0;0;0;0;0;1;1;0;0;0;0;1;0;0;0;3;0;0;0;0;0;0;0;0;0;0
"136";"j14";"zmihorski,unpublished";"pisz";"wind";"birds";9;"unsalvaged";3,14;0;1;0;0;0;2;1;0;0;0;4;0;0;0;0;0;0;0;0;0;0;0;0;0;0;0;0;0;0;0;0;0;0;0;0;1;0;2;0;1;0;0;0;0;0;0;1;0;0;0;2;2;0;0;1;1;1;0;0;0;0;0;0;0;0;3;0;0;0;0;0;0;0;0;0;0
"137";"j15";"zmihorski,unpublished";"pisz";"wind";"birds";9;"unsalvaged";3,14;0;0;0;0;0;1;0;0;0;0;3;0;0;0;0;0;0;0;0;1;0;0;0;0;0;0;0;0;0;0;0;0;0;0;0;1;0;2;0;0;1;0;0;0;0;0;2;0;0;0;0;1;1;0;0;1;1;2;1;0;0;0;0;0;0;1;0;0;0;0;0;0;0;0;0;0
"138";"j16";"zmihorski,unpublished";"pisz";"wind";"birds";9;"unsalvaged";3,14;0;0;0;1;1;1;0;0;0;0;0;0;0;0;0;0;0;2;0;2;0;0;0;0;0;0;0;0;0;0;0;0;0;0;0;1;0;2;0;1;0;0;0;1;0;0;2;0;0;0;2;0;0;0;1;0;1;1;0;1;0;0;0;0;0;2;0;0;0;0;0;0;0;0;0;0
"139";"j17";"zmihorski,unpublished";"pisz";"wind";"birds";9;"unsalvaged";3,14;0;0;0;1;0;0;0;0;0;0;1;0;0;0;0;0;0;1;0;2;0;0;0;0;0;0;0;0;0;0;0;1;0;0;0;3;0;1;0;1;0;0;0;1;0;0;2;0;0;0;1;0;1;0;1;0;0;1;0;0;0;0;0;0;0;1;0;0;0;0;0;0;0;0;0;0
"140";"j5";"zmihorski,unpublished";"pisz";"wind";"birds";9;"unsalvaged";3,14;0;1;0;1;0;0;2;0;0;0;4;0;0;0;0;1;0;2;0;2;0;0;0;0;0;0;0;0;0;0;0;1;0;0;0;0;0;1;0;2;0;0;0;1;0;0;2;0;0;0;2;0;0;0;3;0;1;4;0;0;0;0;0;0;0;2;0;0;0;0;0;0;0;0;0;0
"141";"j6";"zmihorski,unpublished";"pisz";"wind";"birds";9;"unsalvaged";3,14;0;2;0;0;0;0;1;0;0;0;2;0;0;0;0;1;0;0;0;2;0;0;0;0;0;0;0;0;0;0;0;0;0;0;0;0;0;0;0;2;0;0;0;1;0;0;2;0;0;0;0;0;0;0;1;0;0;0;0;0;0;0;0;0;0;3;0;0;0;0;0;0;0;0;0;0
"142";"j7";"zmihorski,unpublished";"pisz";"wind";"birds";9;"unsalvaged";3,14;0;0;1;1;0;0;0;0;0;0;2;0;0;0;0;0;0;1;0;1;0;0;0;0;0;0;0;0;0;0;0;1;0;1;0;0;1;1;0;2;0;0;0;0;0;0;1;0;0;0;0;0;1;0;2;0;0;3;0;1;0;0;0;0;0;1;0;0;0;0;0;0;0;0;0;0
"143";"j9";"zmihorski,unpublished";"pisz";"wind";"birds";9;"unsalvaged";3,14;0;2;1;0;0;1;0;0;0;0;1;0;0;0;0;0;0;0;0;0;0;0;0;0;0;0;1;0;0;0;1;0;0;0;0;1;1;3;0;1;0;0;0;0;0;0;1;1;0;0;0;1;0;0;2;1;0;0;0;0;0;0;0;0;0;1;0;0;0;0;0;0;0;0;0;0
"144";"k10";"zmihorski,unpublished";"pisz";"wind";"birds";9;"unsalvaged";3,14;0;0;0;0;0;0;0;0;0;0;0;0;0;0;0;0;0;1;0;2;0;0;0;0;0;0;0;0;0;0;0;0;0;0;0;0;1;1;0;2;1;0;0;1;0;0;2;0;0;0;1;3;1;0;2;0;1;4;0;0;0;1;0;0;0;1;0;0;0;0;0;0;0;0;0;0
"145";"k11";"zmihorski,unpublished";"pisz";"wind";"birds";9;"unsalvaged";3,14;0;1;0;0;0;1;0;0;0;0;1;0;0;0;0;0;0;1;0;0;0;0;0;0;0;0;0;0;0;0;0;0;0;0;0;0;0;2;0;1;0;0;0;1;0;0;1;0;0;0;0;1;0;0;1;0;1;0;0;0;0;1;0;0;0;1;0;0;0;0;0;0;0;0;0;0
"146";"k12";"zmihorski,unpublished";"pisz";"wind";"birds";9;"unsalvaged";3,14;0;1;0;0;0;1;1;0;0;0;3;0;0;0;0;0;0;1;0;1;0;0;0;0;0;0;0;0;0;0;0;0;0;0;0;0;0;4;1;2;0;0;0;1;0;0;1;0;0;0;0;0;1;0;1;0;1;0;0;0;0;0;0;0;0;2;0;0;0;0;0;0;0;0;0;0
"147";"k13";"zmihorski,unpublished";"pisz";"wind";"birds";9;"unsalvaged";3,14;0;1;1;1;0;0;0;0;0;0;1;0;0;0;0;0;0;0;0;0;0;0;0;0;0;0;0;0;0;0;0;0;0;0;0;0;0;1;0;1;0;0;0;0;0;0;0;0;0;0;0;1;1;0;2;0;0;2;0;0;0;0;0;0;0;2;0;0;0;0;0;0;0;0;0;0
"148";"k14";"zmihorski,unpublished";"pisz";"wind";"birds";9;"unsalvaged";3,14;0;0;0;0;0;1;0;0;0;0;1;0;0;0;0;0;0;2;0;1;0;0;0;0;0;0;0;0;0;0;0;0;0;0;0;1;1;2;1;2;0;0;0;1;0;0;1;0;0;0;0;0;3;0;0;0;0;1;0;0;0;1;0;0;0;1;0;0;0;0;0;0;0;0;0;0
"149";"k17";"zmihorski,unpublished";"pisz";"wind";"birds";9;"unsalvaged";3,14;0;2;0;0;0;0;0;0;0;0;1;0;0;0;0;1;0;3;0;2;0;0;0;0;0;0;0;0;0;0;0;0;0;0;0;0;0;1;0;1;0;0;0;1;0;0;2;0;0;0;1;1;1;0;2;0;1;2;0;1;2;0;0;0;0;2;0;0;0;0;0;0;0;0;0;0
"150";"k9";"zmihorski,unpublished";"pisz";"wind";"birds";9;"unsalvaged";3,14;0;2;0;0;0;0;0;0;0;0;1;0;0;0;0;0;0;1;0;0;0;0;0;0;0;0;0;0;0;0;0;0;0;2;0;0;1;1;1;1;0;0;0;0;0;0;2;1;0;0;0;0;0;0;1;0;0;1;0;0;4;0;0;0;0;1;0;0;0;0;0;0;0;0;0;0
"151";"l12";"zmihorski,unpublished";"pisz";"wind";"birds";9;"unsalvaged";3,14;0;1;0;0;0;0;0;0;0;0;1;0;0;0;0;0;0;1;0;0;0;0;0;0;0;0;0;0;0;0;0;0;0;0;0;1;0;2;1;2;0;0;0;2;0;0;3;0;0;0;0;1;1;0;1;0;1;0;0;0;1;0;0;0;0;2;0;0;0;0;0;0;0;0;0;0
"152";"l14";"zmihorski,unpublished";"pisz";"wind";"birds";9;"unsalvaged";3,14;0;0;0;0;0;0;0;0;0;0;0;0;0;0;0;0;0;0;0;1;0;0;0;0;0;0;0;0;0;0;0;0;0;0;0;0;0;2;0;2;0;0;0;1;0;0;0;0;0;0;0;0;1;0;0;0;0;0;0;0;0;0;0;0;0;1;0;0;0;0;0;0;0;1;0;0
"153";"a0";"zmihorski,unpublished";"pisz";"wind";"birds";9;"salvaged";3,14;0;0;0;0;0;0;0;0;0;0;1;0;0;0;0;0;0;0;0;1;0;0;0;0;0;0;0;0;1;0;0;0;0;0;0;0;0;2;0;0;0;0;0;1;0;0;0;0;0;0;0;1;0;0;0;0;0;0;2;0;0;0;0;0;0;3;0;0;0;0;0;0;0;0;0;0
"154";"a3";"zmihorski,unpublished";"pisz";"wind";"birds";9;"salvaged";3,14;0;0;0;0;0;0;2;0;0;0;0;0;0;0;0;0;0;0;0;1;0;0;0;0;0;0;0;0;2;0;0;0;0;0;0;0;0;1;0;0;0;0;0;0;0;0;2;0;0;1;0;0;0;0;0;2;0;0;0;0;0;0;0;0;0;1;0;0;0;0;0;0;0;0;0;0
"155";"a4";"zmihorski,unpublished";"pisz";"wind";"birds";9;"salvaged";3,14;0;0;0;0;0;1;0;0;0;0;0;0;0;0;0;0;0;0;0;1;0;0;0;0;0;0;1;0;1;0;0;0;0;0;0;0;0;0;0;0;0;0;0;0;0;0;0;0;0;2;0;0;0;0;0;1;0;0;0;0;0;0;0;0;0;1;0;0;0;0;0;0;0;0;0;0
"156";"a5";"zmihorski,unpublished";"pisz";"wind";"birds";9;"salvaged";3,14;1;0;0;0;0;1;0;0;0;0;1;0;0;0;0;0;0;0;0;0;0;0;0;0;0;0;0;0;2;0;0;0;0;0;0;0;0;1;0;0;0;0;0;0;0;0;1;1;0;0;0;1;0;0;0;2;0;0;0;0;0;0;0;0;0;2;0;0;0;0;0;0;0;0;0;0
"157";"a6";"zmihorski,unpublished";"pisz";"wind";"birds";9;"salvaged";3,14;0;0;0;0;0;0;0;0;0;0;0;0;0;0;0;0;0;0;0;1;0;0;0;0;0;0;0;0;1;0;0;0;0;0;0;1;0;0;0;0;0;0;0;0;0;0;0;0;0;0;2;1;1;0;0;2;3;0;0;0;0;0;0;0;0;2;0;0;0;0;0;0;0;0;0;0
"158";"a7";"zmihorski,unpublished";"pisz";"wind";"birds";9;"salvaged";3,14;0;0;0;0;0;1;1;0;0;0;1;0;0;0;0;0;0;0;0;0;0;0;0;0;0;0;0;0;3;0;0;0;0;0;0;0;0;1;0;0;0;0;0;0;0;0;0;0;0;0;0;0;0;0;0;1;0;0;1;0;0;0;0;0;0;1;0;0;0;0;0;0;0;0;0;0
"159";"b0";"zmihorski,unpublished";"pisz";"wind";"birds";9;"salvaged";3,14;0;0;0;0;0;0;0;0;0;0;0;0;0;0;0;0;0;1;0;0;0;0;0;0;0;0;0;0;0;0;0;0;0;0;0;0;0;0;0;0;0;0;0;0;0;0;1;0;0;1;0;0;0;0;0;1;1;0;1;0;0;0;0;0;0;1;0;0;0;0;0;0;0;0;0;0
"160";"b1";"zmihorski,unpublished";"pisz";"wind";"birds";9;"salvaged";3,14;0;0;1;0;0;1;0;0;0;0;1;0;0;0;0;0;0;0;0;1;0;0;0;0;0;0;0;0;2;0;0;0;0;0;0;0;0;2;0;0;0;0;0;0;0;0;1;0;0;0;0;0;0;0;0;1;0;0;1;0;0;0;0;0;0;1;0;0;0;0;0;0;0;0;0;0
"161";"b2";"zmihorski,unpublished";"pisz";"wind";"birds";9;"salvaged";3,14;0;0;1;0;0;1;0;0;0;0;1;0;0;0;0;0;0;0;0;0;0;0;0;0;0;0;0;0;1;0;0;0;0;0;0;1;0;2;0;0;0;0;0;1;0;0;2;0;0;1;0;0;0;0;0;1;1;0;0;0;0;0;0;0;0;2;0;0;0;0;0;0;0;0;0;0
"162";"b3";"zmihorski,unpublished";"pisz";"wind";"birds";9;"salvaged";3,14;0;0;0;0;0;1;0;0;0;0;1;0;0;0;0;0;0;0;0;0;0;0;0;0;0;0;0;0;3;0;0;0;0;0;0;2;0;2;0;0;0;0;0;0;0;0;0;1;0;0;1;1;1;0;0;2;0;0;0;0;0;0;0;0;0;2;0;0;0;0;0;0;0;0;0;0
"163";"b4";"zmihorski,unpublished";"pisz";"wind";"birds";9;"salvaged";3,14;0;0;0;0;0;1;0;0;0;0;0;0;0;0;0;0;0;0;0;0;0;0;0;0;0;0;0;0;2;0;0;0;0;0;0;1;1;0;0;0;0;0;0;0;0;0;1;0;0;0;0;1;1;0;0;1;0;0;0;0;0;0;0;0;0;4;0;0;0;0;0;0;0;0;0;0
"164";"b5";"zmihorski,unpublished";"pisz";"wind";"birds";9;"salvaged";3,14;0;0;0;0;0;1;1;0;0;0;1;0;0;0;0;0;0;0;0;0;0;0;0;0;0;0;0;0;2;0;0;0;0;0;0;0;0;0;0;0;0;0;0;0;0;0;0;0;0;0;0;0;0;0;0;2;0;0;0;0;0;0;0;0;0;3;0;0;0;0;0;0;0;0;0;0
"165";"b6";"zmihorski,unpublished";"pisz";"wind";"birds";9;"salvaged";3,14;0;0;0;0;0;1;1;0;0;0;1;1;0;0;0;0;0;0;0;1;0;0;0;0;0;0;0;0;1;0;0;0;0;0;0;0;0;1;0;1;0;0;0;1;0;0;0;0;0;0;0;0;0;0;0;0;0;0;0;0;0;0;0;0;0;2;0;0;0;0;0;0;0;0;0;0
"166";"c0";"zmihorski,unpublished";"pisz";"wind";"birds";9;"salvaged";3,14;0;0;0;1;0;0;0;0;0;0;0;0;0;0;0;0;0;0;0;3;0;0;0;0;0;1;0;0;1;0;0;0;0;0;0;0;0;0;1;1;0;0;0;1;0;0;1;2;0;1;1;0;0;0;0;0;0;0;1;0;0;0;0;0;0;0;0;1;0;0;0;0;0;0;0;0
"167";"c1";"zmihorski,unpublished";"pisz";"wind";"birds";9;"salvaged";3,14;0;2;0;0;0;0;0;0;0;0;0;0;0;0;0;0;0;0;0;0;0;0;0;0;0;0;0;0;0;0;0;0;0;1;0;0;0;0;0;0;0;0;1;0;0;0;1;0;0;0;1;0;2;0;0;1;0;1;2;0;0;2;0;0;0;1;0;0;0;0;0;0;0;0;0;0
"168";"c2";"zmihorski,unpublished";"pisz";"wind";"birds";9;"salvaged";3,14;0;0;0;0;0;1;0;0;0;0;1;0;0;0;0;0;0;0;0;0;0;0;0;0;0;0;0;0;2;0;0;0;0;0;0;1;0;0;0;0;0;0;0;0;0;0;0;0;0;0;0;0;0;0;0;0;0;1;0;0;0;0;0;0;0;1;0;0;0;0;0;0;0;0;0;0
"169";"c3";"zmihorski,unpublished";"pisz";"wind";"birds";9;"salvaged";3,14;0;0;0;1;0;0;0;0;0;0;1;0;0;0;0;0;0;0;0;1;0;0;0;0;0;0;0;0;3;0;0;0;0;0;0;0;0;1;0;0;0;0;0;0;0;0;1;0;0;0;1;1;0;0;0;1;1;0;1;0;0;0;0;0;0;1;0;0;0;0;0;0;0;0;0;0
"170";"c4";"zmihorski,unpublished";"pisz";"wind";"birds";9;"salvaged";3,14;0;1;0;0;0;0;1;0;0;0;0;0;0;0;0;0;0;0;0;0;0;0;0;0;0;0;0;0;3;0;0;0;0;0;0;0;0;0;0;0;0;0;0;0;0;0;0;0;0;0;0;0;0;0;0;2;1;0;0;0;0;0;0;0;0;2;0;0;0;0;0;1;0;0;0;0
"171";"c5";"zmihorski,unpublished";"pisz";"wind";"birds";9;"salvaged";3,14;0;0;0;0;0;0;0;0;0;0;1;0;0;0;2;0;0;0;0;0;0;0;0;0;0;0;0;0;1;0;0;0;0;0;0;0;0;0;0;0;0;0;0;0;0;0;0;0;0;0;0;2;1;0;0;1;1;0;1;0;0;0;0;0;0;3;0;0;0;0;0;0;0;0;0;0
"172";"d1";"zmihorski,unpublished";"pisz";"wind";"birds";9;"salvaged";3,14;0;0;0;0;0;0;0;0;0;0;0;0;0;0;0;0;0;0;0;0;0;0;0;0;0;1;0;0;1;0;0;0;0;0;0;0;0;0;0;0;0;0;0;0;0;0;0;0;0;0;0;0;0;0;0;0;0;0;0;0;0;0;0;0;0;0;0;2;0;0;0;0;0;0;0;0
"173";"d2";"zmihorski,unpublished";"pisz";"wind";"birds";9;"salvaged";3,14;0;0;0;0;0;0;0;0;0;0;0;0;0;0;0;2;0;0;0;1;0;0;0;0;0;0;0;0;3;0;0;0;0;0;0;0;0;0;0;0;0;0;0;0;0;0;0;0;0;0;0;0;1;0;0;0;0;1;0;0;0;0;0;0;0;1;0;0;0;0;1;0;0;0;0;0
"174";"d3";"zmihorski,unpublished";"pisz";"wind";"birds";9;"salvaged";3,14;0;0;0;0;0;0;0;0;0;0;0;0;0;0;0;0;0;0;0;1;0;0;0;0;0;0;0;0;0;0;0;0;0;0;0;0;0;4;0;0;0;0;0;1;0;0;0;0;0;1;0;0;0;0;0;0;0;0;2;0;0;0;0;0;0;0;0;0;0;0;0;0;0;0;0;0
"175";"d4";"zmihorski,unpublished";"pisz";"wind";"birds";9;"salvaged";3,14;0;0;2;0;0;1;0;0;0;0;0;0;0;0;0;0;0;0;0;1;0;0;0;0;0;0;0;0;1;0;0;0;0;0;0;0;0;3;0;0;0;0;0;1;0;0;3;0;0;0;0;1;0;0;0;0;0;0;1;0;0;0;0;0;0;1;0;0;0;0;0;0;0;0;0;0
"176";"d5";"zmihorski,unpublished";"pisz";"wind";"birds";9;"salvaged";3,14;0;0;1;0;0;1;1;0;0;0;0;0;0;0;0;0;0;0;0;1;0;0;0;0;0;0;0;0;0;0;0;0;0;0;0;0;0;2;0;0;0;0;0;0;0;0;0;0;0;0;0;0;1;0;0;0;1;0;1;0;0;0;0;0;0;3;0;0;0;0;0;0;0;0;0;0
"177";"e1";"zmihorski,unpublished";"pisz";"wind";"birds";9;"salvaged";3,14;0;0;1;0;0;0;0;0;0;0;0;0;0;0;0;0;0;1;0;2;0;0;0;0;0;3;0;0;0;0;0;0;0;1;0;0;0;1;0;1;0;0;0;0;0;0;3;0;0;1;1;0;0;0;0;0;0;0;0;0;0;1;0;0;0;3;0;0;0;0;0;0;0;0;0;0
"178";"e2";"zmihorski,unpublished";"pisz";"wind";"birds";9;"salvaged";3,14;0;0;0;0;0;0;0;0;0;0;0;0;0;0;0;0;0;2;0;3;0;0;0;0;0;0;0;0;0;0;0;1;0;0;0;0;0;0;0;2;0;0;0;2;0;0;2;0;0;0;1;0;2;0;0;0;0;0;0;0;0;0;0;0;0;3;0;0;0;0;0;0;0;0;0;0
"179";"e3";"zmihorski,unpublished";"pisz";"wind";"birds";9;"salvaged";3,14;0;0;0;1;0;0;0;0;0;0;0;0;0;0;0;0;0;0;0;0;0;0;0;0;0;0;0;0;0;0;0;0;0;0;0;0;0;2;0;1;0;0;0;1;0;0;3;0;0;0;0;0;1;0;0;1;0;0;1;0;0;0;0;0;0;1;0;0;0;0;0;0;0;0;0;0
"180";"e4";"zmihorski,unpublished";"pisz";"wind";"birds";9;"salvaged";3,14;0;0;0;0;0;0;0;0;0;0;0;0;0;0;0;0;0;0;0;2;0;0;0;0;0;0;0;0;2;0;0;0;0;0;0;0;0;3;0;0;0;0;0;0;0;0;0;0;0;1;0;0;0;0;0;0;0;0;1;0;0;0;0;0;0;1;0;0;0;0;0;0;0;0;0;0
"181";"e5";"zmihorski,unpublished";"pisz";"wind";"birds";9;"salvaged";3,14;0;0;1;0;0;0;0;0;0;0;1;0;0;0;0;0;0;0;0;0;0;0;0;0;0;0;0;0;0;0;0;0;0;0;0;0;0;1;0;0;0;0;0;0;0;0;1;0;0;0;0;0;0;0;0;1;0;0;1;0;0;0;0;0;0;2;0;0;0;0;0;0;0;0;0;0
"182";"f0";"zmihorski,unpublished";"pisz";"wind";"birds";9;"salvaged";3,14;0;0;0;0;0;0;0;0;0;0;0;0;0;0;0;0;0;0;0;0;0;0;0;0;0;0;0;0;0;0;0;0;0;0;0;0;0;0;0;0;0;0;0;1;0;0;0;0;0;0;0;0;0;0;0;0;0;0;0;0;0;0;0;0;0;0;0;0;0;0;0;0;0;0;0;0
"183";"f1";"zmihorski,unpublished";"pisz";"wind";"birds";9;"salvaged";3,14;0;0;1;0;0;0;2;0;0;0;0;0;0;0;0;0;0;1;0;0;0;0;0;0;0;0;0;0;0;0;0;0;0;0;0;1;0;0;0;3;0;0;0;1;0;0;0;0;0;0;2;0;1;0;0;0;0;0;1;0;0;0;0;0;0;2;0;0;0;0;0;0;0;0;0;0
"184";"f10";"zmihorski,unpublished";"pisz";"wind";"birds";9;"salvaged";3,14;0;0;0;0;0;0;0;0;0;0;0;0;0;0;0;0;0;0;0;0;0;0;0;0;0;0;0;0;2;0;0;0;0;0;0;0;0;0;0;0;0;0;0;0;0;0;0;0;0;1;0;0;0;0;0;0;0;0;0;0;0;0;0;0;0;1;0;0;0;0;0;0;0;0;0;0
"185";"f11";"zmihorski,unpublished";"pisz";"wind";"birds";9;"salvaged";3,14;0;0;0;0;0;0;0;0;0;0;0;0;0;0;0;0;0;0;0;0;0;0;0;0;0;0;0;0;2;0;0;0;0;0;0;0;0;2;1;0;0;0;0;0;0;0;0;0;0;1;0;0;0;0;0;1;0;0;2;0;0;0;0;0;0;0;0;0;0;0;0;0;0;0;0;0
"186";"f3";"zmihorski,unpublished";"pisz";"wind";"birds";9;"salvaged";3,14;0;0;0;0;0;0;0;0;0;0;0;0;0;0;0;0;0;0;0;0;0;0;0;0;0;0;0;0;0;0;0;0;0;0;0;0;0;3;0;0;0;0;0;0;0;0;2;0;0;0;0;0;1;0;0;0;0;0;3;0;0;0;0;0;0;0;0;0;0;0;0;0;0;0;0;0
"187";"f5";"zmihorski,unpublished";"pisz";"wind";"birds";9;"salvaged";3,14;1;0;0;0;0;0;0;0;0;0;2;0;0;0;0;0;0;0;0;3;0;0;0;0;0;0;0;0;1;0;0;0;0;0;0;0;0;1;0;0;0;0;0;0;0;0;1;0;0;0;1;0;0;0;0;2;0;0;2;0;0;0;0;0;0;1;0;0;0;0;0;0;0;0;0;0
"188";"f7";"zmihorski,unpublished";"pisz";"wind";"birds";9;"salvaged";3,14;0;2;1;0;0;1;0;0;0;0;1;0;0;0;0;0;0;0;0;1;0;0;0;0;0;0;0;0;0;0;0;1;0;0;0;0;0;2;0;2;0;0;0;0;0;0;1;0;0;0;0;0;2;0;0;1;1;2;0;0;0;0;0;0;0;4;0;0;0;0;0;0;0;0;0;0
"189";"f8";"zmihorski,unpublished";"pisz";"wind";"birds";9;"salvaged";3,14;0;0;0;0;0;0;0;0;0;0;0;0;0;0;0;0;0;0;0;0;0;0;0;0;0;1;0;0;1;0;0;0;0;1;0;0;0;4;0;1;0;0;0;0;0;0;1;0;0;1;1;0;1;0;0;0;1;0;1;0;0;0;0;0;0;2;0;0;0;0;0;0;0;0;0;0
"190";"f9";"zmihorski,unpublished";"pisz";"wind";"birds";9;"salvaged";3,14;0;0;0;0;0;0;0;0;0;0;0;0;0;0;0;0;0;0;0;0;0;0;0;0;0;0;0;0;0;0;0;0;0;0;0;0;0;1;0;0;0;0;0;0;0;0;0;0;0;0;0;0;0;0;0;0;0;0;2;0;0;0;0;0;0;1;0;0;0;0;0;0;0;0;0;0
"191";"g0";"zmihorski,unpublished";"pisz";"wind";"birds";9;"salvaged";3,14;0;0;0;0;0;0;0;0;0;0;0;0;0;0;0;0;0;0;0;0;0;0;0;0;0;0;0;0;2;0;0;0;0;0;0;0;0;1;0;0;0;0;0;0;0;0;0;0;0;0;0;0;0;0;0;2;0;0;0;0;0;0;0;0;0;1;0;0;0;0;0;0;0;0;0;0
"192";"g1";"zmihorski,unpublished";"pisz";"wind";"birds";9;"salvaged";3,14;0;0;0;0;0;1;0;0;0;0;0;0;1;0;0;0;0;0;0;1;0;0;0;0;0;0;0;0;1;0;0;0;0;0;0;0;0;1;1;1;0;0;0;2;0;0;2;0;0;0;0;0;0;0;0;0;0;0;1;0;0;0;0;0;0;3;0;0;0;0;0;0;0;0;0;0
"193";"g10";"zmihorski,unpublished";"pisz";"wind";"birds";9;"salvaged";3,14;0;0;0;0;0;1;0;0;0;0;0;0;0;0;0;0;0;0;0;0;0;0;0;0;0;0;0;0;1;0;0;0;0;0;0;0;0;1;0;0;0;0;0;0;0;0;1;0;0;0;2;0;0;0;0;1;0;0;0;0;0;0;0;0;0;3;0;0;0;0;0;0;0;0;0;0
"194";"g11";"zmihorski,unpublished";"pisz";"wind";"birds";9;"salvaged";3,14;0;1;0;0;0;0;0;0;0;0;0;0;0;0;0;0;0;0;0;2;0;0;0;0;0;0;0;0;0;0;1;0;0;0;0;0;0;1;0;0;0;0;0;0;0;0;1;0;0;0;0;0;0;0;0;0;1;0;0;0;0;0;0;0;0;3;0;0;0;0;0;0;0;0;0;0
"195";"g2";"zmihorski,unpublished";"pisz";"wind";"birds";9;"salvaged";3,14;0;0;0;0;0;0;0;0;0;0;0;0;0;0;0;0;0;0;0;0;0;0;0;0;0;0;0;0;1;0;0;0;0;0;0;0;0;0;0;0;0;0;0;0;0;0;0;0;0;0;0;0;0;0;0;0;0;0;0;0;0;0;0;0;0;0;0;0;0;0;0;0;0;0;0;0
"196";"g3";"zmihorski,unpublished";"pisz";"wind";"birds";9;"salvaged";3,14;0;0;1;0;0;0;0;0;0;0;1;0;0;0;0;0;0;1;0;2;0;0;0;0;0;0;0;0;0;0;0;0;0;0;0;0;0;3;0;1;0;0;0;1;0;0;1;0;0;0;0;1;1;0;0;1;0;0;2;0;0;0;0;0;0;1;0;0;0;0;0;0;0;0;0;0
"197";"g4";"zmihorski,unpublished";"pisz";"wind";"birds";9;"salvaged";3,14;0;0;0;1;0;0;0;0;0;0;0;0;0;0;0;0;0;0;0;1;0;0;0;0;0;0;0;0;0;0;0;0;0;0;0;0;0;2;0;0;0;0;0;0;0;0;0;0;0;1;0;0;0;0;0;0;0;0;2;0;0;0;0;0;0;1;0;0;0;0;0;0;0;0;0;0
"198";"g5";"zmihorski,unpublished";"pisz";"wind";"birds";9;"salvaged";3,14;0;0;0;1;0;0;0;0;0;0;0;0;0;0;0;0;0;0;0;2;0;0;0;0;1;0;0;0;2;0;0;0;0;1;0;0;0;1;0;0;0;0;0;1;0;0;3;0;0;0;1;0;0;0;0;1;0;0;1;0;0;0;0;0;0;1;0;0;0;0;0;0;0;0;0;0
"199";"g6";"zmihorski,unpublished";"pisz";"wind";"birds";9;"salvaged";3,14;0;0;1;0;0;0;0;0;0;0;0;0;0;0;0;0;0;0;0;0;0;0;0;0;0;0;0;0;0;0;0;0;0;0;0;1;0;1;0;0;0;0;0;0;0;0;0;0;0;1;0;0;0;0;0;0;0;0;1;0;0;0;0;0;0;0;0;0;0;0;0;0;0;0;0;0
"200";"g8";"zmihorski,unpublished";"pisz";"wind";"birds";9;"salvaged";3,14;0;0;0;0;0;1;2;0;0;0;1;0;0;0;0;0;0;0;0;1;0;0;0;0;0;0;0;0;1;0;0;0;0;0;0;0;0;1;0;0;0;0;0;0;0;0;1;0;0;0;0;0;1;0;0;0;0;0;1;0;0;0;0;0;0;2;0;0;0;0;0;0;0;0;0;0
"201";"g9";"zmihorski,unpublished";"pisz";"wind";"birds";9;"salvaged";3,14;0;0;0;0;0;0;0;0;0;0;0;0;0;0;0;0;0;0;0;1;0;0;0;0;0;0;0;0;2;0;0;0;0;0;0;0;0;0;0;0;0;0;0;0;0;0;0;0;0;0;0;0;0;0;0;1;0;0;2;0;0;0;0;0;0;1;0;0;0;0;0;0;0;0;0;0
"202";"h0";"zmihorski,unpublished";"pisz";"wind";"birds";9;"salvaged";3,14;0;0;0;0;0;1;1;0;0;0;2;0;0;0;0;0;0;0;0;1;0;0;0;0;0;0;0;0;2;0;0;1;0;0;0;0;0;0;0;0;0;0;0;0;0;0;0;0;0;0;0;0;1;0;0;0;0;0;0;0;0;0;0;0;0;3;0;0;0;0;0;0;0;0;0;0
"203";"h1";"zmihorski,unpublished";"pisz";"wind";"birds";9;"salvaged";3,14;0;0;0;0;0;0;0;0;0;0;2;0;0;0;0;0;0;0;0;1;0;0;0;0;0;0;0;0;1;0;0;1;0;0;0;0;0;0;0;0;0;0;0;0;0;0;0;0;0;1;0;1;0;0;0;0;0;0;2;0;0;0;0;0;0;4;0;0;0;0;0;0;0;0;0;0
"204";"h2";"zmihorski,unpublished";"pisz";"wind";"birds";9;"salvaged";3,14;0;0;1;0;0;0;4;0;0;0;0;0;1;0;0;0;0;1;0;1;0;0;0;0;0;0;0;0;1;0;0;0;0;0;0;0;0;0;0;0;0;1;0;0;0;0;0;0;0;0;1;0;0;0;0;0;0;0;1;0;0;0;0;0;0;1;0;0;0;0;0;0;0;0;0;1
"205";"h3";"zmihorski,unpublished";"pisz";"wind";"birds";9;"salvaged";3,14;0;0;0;0;0;0;0;0;0;0;0;0;0;0;0;0;0;2;0;1;0;0;0;0;0;0;0;0;0;0;0;0;0;0;0;0;0;1;0;0;0;0;0;2;0;0;1;0;0;0;0;0;0;0;0;0;0;0;0;0;0;0;0;0;0;1;0;0;0;0;1;0;0;0;0;0
"206";"h4";"zmihorski,unpublished";"pisz";"wind";"birds";9;"salvaged";3,14;0;0;0;0;0;0;0;0;0;0;0;0;0;0;0;0;0;1;0;2;0;0;0;0;0;0;0;0;1;0;0;0;0;0;0;0;1;0;0;1;0;0;0;0;0;0;3;0;0;0;1;0;0;0;0;0;1;0;1;0;0;0;0;0;0;2;0;0;0;0;0;0;0;0;0;0
"207";"x4";"zmihorski,unpublished";"pisz";"wind";"birds";9;"salvaged";3,14;0;1;0;0;0;1;0;0;0;0;0;0;0;0;0;0;0;1;0;0;0;0;0;0;0;0;0;0;2;0;0;0;0;1;0;0;0;0;0;0;0;0;0;0;0;0;2;0;0;0;0;0;0;0;0;2;1;0;1;0;0;0;0;0;0;2;0;0;0;0;0;0;0;0;0;0
"208";"x5";"zmihorski,unpublished";"pisz";"wind";"birds";9;"salvaged";3,14;0;0;1;0;0;0;0;0;0;0;1;0;1;0;0;0;0;0;0;0;0;0;0;0;0;1;0;0;1;0;0;0;0;0;0;0;0;2;0;0;0;0;0;0;0;0;1;0;0;0;0;0;0;0;0;0;0;0;1;0;0;0;2;0;0;1;0;0;0;0;0;0;0;0;0;0
"209";"x6";"zmihorski,unpublished";"pisz";"wind";"birds";9;"salvaged";3,14;0;0;0;0;0;1;0;0;0;0;2;0;0;0;0;0;0;0;0;0;0;0;0;0;0;0;0;0;0;0;0;0;0;0;0;0;0;1;0;1;0;0;0;1;0;0;1;0;0;0;0;0;0;0;0;0;0;0;0;0;0;1;0;0;0;3;0;0;0;0;0;0;0;0;0;0
"210";"x7";"zmihorski,unpublished";"pisz";"wind";"birds";9;"salvaged";3,14;0;0;0;0;2;1;1;0;0;0;0;0;0;0;0;0;0;0;0;1;0;0;0;0;0;0;0;0;0;0;0;0;0;0;0;0;1;1;0;0;0;0;0;0;0;0;1;0;0;0;0;0;0;0;0;2;2;1;0;0;0;0;0;0;0;2;0;0;0;0;0;0;0;0;0;0
"211";"h10";"zmihorski,unpublished";"pisz";"wind";"birds";11;"unsalvaged";3,14;0;0;0;1;0;0;0;0;0;0;0;0;0;0;0;0;0;1;0;1;0;0;0;0;0;0;0;0;2;0;2;0;0;0;0;0;0;3;0;0;1;0;0;0;0;0;0;0;0;0;0;0;0;0;0;0;0;0;1;0;0;0;0;0;0;1;0;0;0;0;0;0;0;0;0;0
"212";"h11";"zmihorski,unpublished";"pisz";"wind";"birds";11;"unsalvaged";3,14;0;0;0;2;0;1;0;0;0;0;1;0;0;0;0;0;0;0;0;1;0;0;0;0;0;0;0;0;0;0;0;0;0;0;0;0;0;3;0;0;0;0;0;0;0;0;1;0;0;0;0;0;0;0;0;1;0;0;0;0;0;0;0;0;0;0;0;0;0;0;0;0;0;0;0;0
"213";"h12";"zmihorski,unpublished";"pisz";"wind";"birds";11;"unsalvaged";3,14;0;0;0;0;0;0;0;0;0;0;0;0;0;0;0;0;0;0;0;1;0;0;0;0;0;0;0;0;2;0;0;0;0;0;0;0;0;0;0;0;1;0;0;0;0;0;0;0;0;0;0;0;0;0;0;1;0;0;0;0;0;0;0;0;0;1;0;0;0;0;0;0;0;0;0;0
"214";"h13";"zmihorski,unpublished";"pisz";"wind";"birds";11;"unsalvaged";3,14;0;0;0;0;0;0;0;0;0;0;0;1;0;1;0;0;0;0;0;1;0;0;0;0;0;0;0;0;2;0;0;0;0;0;0;0;0;0;0;0;0;0;0;0;0;0;0;0;0;0;0;0;0;0;0;1;0;0;1;0;0;0;0;0;0;4;0;0;0;0;0;0;0;0;0;0
"215";"h14";"zmihorski,unpublished";"pisz";"wind";"birds";11;"unsalvaged";3,14;0;0;0;1;0;1;0;0;0;0;2;1;0;0;0;0;0;1;0;1;0;0;0;0;0;0;0;0;0;0;0;0;0;0;0;0;0;2;0;0;0;0;0;0;0;0;0;0;0;0;3;0;1;0;0;0;1;1;1;0;0;0;0;0;0;2;0;0;0;0;0;0;0;0;0;0
"216";"h15";"zmihorski,unpublished";"pisz";"wind";"birds";11;"unsalvaged";3,14;0;1;0;0;0;0;0;0;0;0;2;0;0;0;0;0;0;0;0;0;0;0;0;0;0;0;0;0;0;0;1;0;0;0;0;0;1;1;0;0;0;0;0;0;0;0;0;0;0;0;0;0;0;0;0;0;4;0;0;0;0;0;0;0;0;3;0;0;0;0;0;0;0;0;0;0
"217";"h16";"zmihorski,unpublished";"pisz";"wind";"birds";11;"unsalvaged";3,14;0;0;0;0;0;0;0;0;0;0;0;0;0;0;0;0;0;0;0;0;0;0;0;0;0;0;0;0;0;0;0;0;0;0;0;1;0;1;0;0;0;0;0;0;0;0;0;0;0;0;0;0;2;0;0;1;0;0;1;0;0;0;0;0;0;2;0;0;0;0;0;0;0;0;0;0
"218";"h5";"zmihorski,unpublished";"pisz";"wind";"birds";11;"unsalvaged";3,14;0;0;0;0;0;0;0;0;0;0;1;0;0;1;0;0;0;0;0;0;0;0;1;0;0;0;0;0;0;0;0;0;0;0;0;0;0;2;0;0;1;0;0;0;0;0;1;0;0;0;2;0;1;0;0;0;0;0;0;0;0;0;0;0;0;4;0;0;0;0;0;0;0;0;0;0
"219";"h6";"zmihorski,unpublished";"pisz";"wind";"birds";11;"unsalvaged";3,14;0;0;0;2;0;0;0;0;0;0;0;0;0;1;0;0;0;0;0;1;0;0;0;0;0;0;0;0;0;0;0;0;0;0;0;0;0;2;0;0;0;0;0;0;0;0;1;0;0;0;1;0;1;0;0;1;0;0;0;0;0;0;0;0;0;2;0;0;0;0;0;0;0;0;0;0
"220";"h7";"zmihorski,unpublished";"pisz";"wind";"birds";11;"unsalvaged";3,14;0;0;0;1;0;0;0;0;0;0;0;0;0;0;0;0;0;0;0;0;0;0;0;0;0;0;0;0;0;0;0;0;0;0;0;0;0;2;0;1;1;0;0;0;0;0;0;0;0;0;2;0;0;0;0;1;0;0;0;0;0;0;0;0;0;2;0;0;0;0;0;0;0;0;0;0
"221";"h8";"zmihorski,unpublished";"pisz";"wind";"birds";11;"unsalvaged";3,14;0;0;0;0;0;0;0;0;0;0;0;0;0;0;0;0;0;0;0;1;0;0;0;0;0;0;0;0;0;0;0;0;0;0;0;0;0;1;0;0;0;0;0;0;0;0;1;0;0;0;0;0;0;0;0;0;1;0;0;0;0;0;0;0;0;2;0;0;0;0;0;0;0;0;0;0
"222";"h9";"zmihorski,unpublished";"pisz";"wind";"birds";11;"unsalvaged";3,14;0;0;0;0;0;0;0;0;0;0;2;0;0;0;0;0;0;0;0;0;0;0;0;0;0;0;0;0;1;0;0;0;0;0;0;0;0;2;1;0;0;0;0;0;0;0;2;0;0;0;0;0;0;0;0;0;0;0;0;0;0;0;0;0;0;1;0;0;0;0;0;0;0;0;0;0
"223";"i10";"zmihorski,unpublished";"pisz";"wind";"birds";11;"unsalvaged";3,14;0;0;0;1;0;0;0;0;0;0;0;0;0;0;0;0;0;0;0;1;0;0;0;0;0;0;0;0;1;0;0;0;0;0;0;0;0;3;1;0;0;0;0;0;0;0;0;0;0;0;3;0;0;0;0;1;0;2;0;0;0;0;0;0;0;2;0;0;0;0;0;0;0;0;0;0
"224";"i11";"zmihorski,unpublished";"pisz";"wind";"birds";11;"unsalvaged";3,14;0;0;0;0;0;0;0;0;0;0;0;0;0;0;0;0;0;0;0;1;0;0;0;0;0;0;0;0;0;0;0;0;0;0;0;0;0;2;0;0;0;0;0;0;0;0;0;0;0;0;0;0;1;0;0;0;0;0;2;0;0;0;0;0;0;2;0;0;0;0;0;0;0;0;1;0
"225";"i12";"zmihorski,unpublished";"pisz";"wind";"birds";11;"unsalvaged";3,14;0;0;0;0;0;0;0;0;0;0;0;0;0;0;0;0;0;0;0;0;0;0;0;0;0;0;0;0;1;0;0;0;0;0;0;0;0;1;0;0;0;0;0;0;0;0;1;0;0;0;0;0;0;0;0;0;0;0;1;0;0;0;0;0;0;0;0;0;0;0;0;0;0;0;0;0
"226";"i13";"zmihorski,unpublished";"pisz";"wind";"birds";11;"unsalvaged";3,14;0;0;0;1;0;1;0;0;0;0;1;0;0;0;0;0;0;0;0;0;0;0;0;0;0;0;0;0;0;0;0;0;0;0;0;0;0;1;0;0;1;0;0;0;0;0;0;0;0;0;0;0;0;0;0;0;0;0;0;0;0;0;0;0;0;0;0;0;0;0;0;0;0;0;0;0
"227";"i14";"zmihorski,unpublished";"pisz";"wind";"birds";11;"unsalvaged";3,14;0;1;0;1;0;2;0;0;0;0;0;0;0;0;0;0;0;0;0;1;0;0;0;0;0;0;0;0;0;0;0;0;0;0;0;0;0;2;0;0;0;0;0;0;0;0;1;0;0;0;0;1;0;0;0;2;0;0;0;0;0;0;0;0;0;2;0;0;0;0;0;0;0;0;0;0
"228";"i15";"zmihorski,unpublished";"pisz";"wind";"birds";11;"unsalvaged";3,14;0;1;0;1;0;0;0;0;0;0;3;0;0;1;0;0;0;0;0;0;0;0;0;0;0;0;0;0;0;1;0;1;0;0;0;0;0;3;0;1;0;0;0;0;0;0;2;0;0;0;0;3;1;0;0;0;2;0;0;0;0;0;0;0;0;3;0;0;0;0;0;0;0;0;0;0
"229";"i16";"zmihorski,unpublished";"pisz";"wind";"birds";11;"unsalvaged";3,14;0;0;0;0;0;0;0;0;0;0;0;0;0;1;0;0;0;0;0;0;0;0;0;0;0;0;0;0;1;0;0;0;0;0;0;0;0;3;0;0;0;0;0;0;0;0;1;1;0;0;0;0;1;0;0;0;0;0;0;0;0;0;0;0;0;2;0;0;0;0;0;0;0;0;0;0
"230";"i17";"zmihorski,unpublished";"pisz";"wind";"birds";11;"unsalvaged";3,14;0;0;0;2;0;1;0;0;0;0;0;0;0;0;0;0;0;0;0;1;1;0;0;0;0;0;0;0;0;0;0;0;0;0;0;2;0;3;0;1;0;0;0;1;0;0;0;0;0;0;2;0;1;0;0;0;0;0;1;0;0;0;0;0;0;1;0;0;0;0;0;0;0;0;0;0
"231";"i3";"zmihorski,unpublished";"pisz";"wind";"birds";11;"unsalvaged";3,14;0;0;0;0;0;0;0;0;0;0;0;0;0;0;0;0;0;0;0;0;0;0;0;0;0;0;0;0;0;0;1;0;0;0;0;0;0;2;0;0;0;0;0;0;0;0;0;0;0;0;0;0;0;0;0;1;0;0;0;0;0;0;0;0;0;1;0;0;0;0;0;0;0;0;0;0
"232";"i5";"zmihorski,unpublished";"pisz";"wind";"birds";11;"unsalvaged";3,14;0;2;0;0;0;0;0;0;0;0;2;0;0;0;0;0;0;0;0;1;0;0;0;0;0;0;1;0;0;0;0;0;0;0;0;0;0;4;0;0;1;0;0;0;0;0;1;1;0;0;2;0;1;0;2;0;0;0;0;0;0;0;0;0;0;1;0;0;0;0;0;0;0;0;0;0
"233";"i6";"zmihorski,unpublished";"pisz";"wind";"birds";11;"unsalvaged";3,14;0;1;0;1;0;0;0;0;0;0;2;0;0;0;0;0;0;1;0;0;0;0;0;0;0;0;0;0;0;0;0;0;0;0;0;0;0;3;0;0;1;0;0;0;0;0;1;0;0;0;0;0;0;0;0;1;0;0;0;0;0;0;0;0;0;0;0;0;0;0;0;0;0;0;0;0
"234";"i7";"zmihorski,unpublished";"pisz";"wind";"birds";11;"unsalvaged";3,14;0;0;0;1;0;0;0;0;0;0;2;0;0;0;0;0;0;1;0;0;0;0;0;0;0;0;0;0;0;0;0;0;0;0;0;0;0;3;0;0;0;0;0;0;0;0;1;0;0;0;0;1;0;0;0;1;0;0;0;0;0;0;0;0;0;2;0;0;0;0;0;0;0;0;0;0
"235";"i8";"zmihorski,unpublished";"pisz";"wind";"birds";11;"unsalvaged";3,14;0;0;0;1;0;1;0;0;0;0;0;0;0;0;0;0;0;0;0;1;0;0;0;0;0;0;0;0;0;0;0;0;0;0;0;0;0;3;0;1;0;0;0;1;0;0;1;0;0;0;3;0;1;0;0;0;0;0;0;0;0;0;0;0;0;2;0;0;0;0;0;0;0;0;0;0
"236";"i9";"zmihorski,unpublished";"pisz";"wind";"birds";11;"unsalvaged";3,14;0;0;0;0;0;0;0;0;0;0;2;0;0;0;0;0;0;0;0;0;0;0;0;0;0;0;1;0;2;0;0;0;0;0;0;0;0;2;2;0;1;0;0;1;0;0;0;0;0;0;2;0;1;0;0;1;0;0;0;0;0;1;0;0;0;2;0;0;0;0;0;0;0;0;0;0
"237";"j10";"zmihorski,unpublished";"pisz";"wind";"birds";11;"unsalvaged";3,14;0;0;0;0;1;1;0;0;0;0;3;0;1;0;0;1;0;0;0;1;0;0;0;0;0;0;0;0;0;0;0;0;0;0;0;0;0;1;0;0;1;0;0;0;0;0;0;0;0;0;0;0;0;0;0;1;0;2;0;0;0;0;0;0;0;1;0;0;0;0;0;0;0;0;0;0
"238";"j11";"zmihorski,unpublished";"pisz";"wind";"birds";11;"unsalvaged";3,14;0;2;0;0;0;0;0;0;0;0;1;0;0;0;0;0;0;0;0;0;0;0;0;0;0;0;0;0;0;0;0;0;0;0;0;0;1;3;0;0;1;0;0;0;0;0;0;0;0;0;0;0;1;0;0;0;1;1;1;0;0;0;0;0;0;2;0;0;0;0;0;0;0;0;0;0
"239";"j12";"zmihorski,unpublished";"pisz";"wind";"birds";11;"unsalvaged";3,14;0;5;0;0;0;0;0;0;0;0;2;0;0;1;0;0;0;0;0;0;0;0;0;0;0;0;0;0;0;0;0;0;0;0;0;0;0;3;0;0;1;0;0;0;0;0;1;0;0;0;0;0;2;0;0;2;1;0;0;0;0;0;0;0;0;2;0;0;0;0;0;0;0;0;0;0
"240";"j13";"zmihorski,unpublished";"pisz";"wind";"birds";11;"unsalvaged";3,14;0;1;0;0;0;0;0;0;0;0;2;0;0;0;0;0;0;0;0;0;0;0;0;0;0;0;0;0;0;0;0;0;0;1;0;0;1;2;0;0;0;0;0;0;0;0;0;0;0;0;0;0;0;0;0;1;0;0;0;0;0;0;0;0;0;0;0;0;0;0;0;0;0;0;0;0
"241";"j14";"zmihorski,unpublished";"pisz";"wind";"birds";11;"unsalvaged";3,14;0;0;1;1;1;1;0;0;0;0;2;0;0;0;0;0;0;0;0;0;0;0;0;0;0;0;0;0;0;0;0;0;0;0;0;0;0;2;0;0;1;0;0;0;0;0;1;0;0;0;0;1;1;0;0;2;0;0;0;0;0;0;0;0;1;1;0;0;0;0;0;0;0;0;0;0
"242";"j15";"zmihorski,unpublished";"pisz";"wind";"birds";11;"unsalvaged";3,14;0;0;0;0;0;1;0;0;0;0;1;0;0;1;0;0;0;0;0;1;0;0;0;0;0;0;0;0;0;0;0;0;0;0;0;0;0;3;0;0;1;0;0;0;0;0;0;0;0;0;0;0;0;0;0;0;1;1;0;0;0;0;0;0;0;3;0;0;0;0;0;0;0;1;0;0
"243";"j16";"zmihorski,unpublished";"pisz";"wind";"birds";11;"unsalvaged";3,14;0;0;0;0;0;0;0;0;0;0;1;0;0;0;0;2;0;0;0;0;0;0;0;0;0;0;0;0;0;1;0;0;0;0;0;0;1;1;0;1;0;0;0;0;0;0;1;0;0;0;2;2;2;0;1;0;1;0;0;0;0;0;0;0;0;1;0;0;0;0;0;0;0;0;0;0
"244";"j17";"zmihorski,unpublished";"pisz";"wind";"birds";11;"unsalvaged";3,14;0;0;0;0;0;0;0;0;0;0;0;0;0;2;0;1;0;2;0;2;0;0;0;0;0;0;0;0;0;0;0;0;0;0;0;0;0;2;0;2;0;0;0;1;0;0;1;0;0;0;0;1;1;0;0;0;0;0;1;0;0;0;0;0;0;3;0;0;0;0;0;0;0;0;0;0
"245";"j5";"zmihorski,unpublished";"pisz";"wind";"birds";11;"unsalvaged";3,14;0;0;0;0;0;0;0;0;0;0;2;0;0;0;0;3;0;0;0;1;0;0;0;0;0;0;0;0;0;0;0;0;0;0;0;0;0;3;0;1;0;0;0;1;0;0;0;2;0;0;0;0;1;0;1;0;0;0;0;0;0;0;0;0;0;2;0;0;0;0;0;0;0;0;0;0
"246";"j9";"zmihorski,unpublished";"pisz";"wind";"birds";11;"unsalvaged";3,14;0;1;0;1;0;1;0;0;0;0;0;0;0;1;0;0;0;0;0;2;0;0;0;0;0;0;1;0;0;0;0;0;0;0;0;0;1;4;0;2;1;0;0;1;0;0;1;0;0;0;2;0;1;0;0;0;0;2;0;0;0;0;0;0;0;1;0;0;0;0;0;0;0;0;0;0
"247";"k12";"zmihorski,unpublished";"pisz";"wind";"birds";11;"unsalvaged";3,14;0;0;0;0;0;0;0;0;0;0;1;0;0;0;0;0;0;1;0;0;0;0;0;0;0;0;0;0;0;0;0;1;0;0;0;0;1;2;0;2;0;0;0;0;0;0;1;0;0;0;0;1;1;0;1;0;0;2;0;0;0;0;0;0;0;3;0;0;0;0;0;0;0;0;0;0
"248";"k13";"zmihorski,unpublished";"pisz";"wind";"birds";11;"unsalvaged";3,14;0;1;0;1;0;0;0;0;0;0;2;0;0;0;0;1;0;1;0;0;0;0;0;0;0;0;0;0;0;0;0;0;0;1;0;0;0;1;0;1;0;0;0;1;0;0;2;1;0;0;0;0;1;0;0;0;0;1;2;0;0;1;0;0;0;1;0;0;0;0;0;0;0;0;0;0
"249";"l12";"zmihorski,unpublished";"pisz";"wind";"birds";11;"unsalvaged";3,14;0;0;0;0;0;0;0;0;0;0;1;1;0;0;0;0;0;1;0;0;0;0;0;0;0;0;0;0;0;0;0;0;0;0;0;0;1;3;0;1;0;0;0;1;0;0;1;0;0;0;0;1;1;0;1;0;1;1;0;0;0;1;0;0;0;2;1;0;0;0;0;0;0;0;0;0
"250";"a0";"zmihorski,unpublished";"pisz";"wind";"birds";11;"salvaged";3,14;0;0;0;0;0;0;0;0;0;0;0;0;0;0;0;0;0;0;0;0;0;0;0;0;0;0;0;0;0;0;0;1;0;0;0;0;0;6;1;0;0;0;0;2;0;0;1;0;0;0;1;0;0;0;1;1;0;0;1;0;0;0;0;0;0;1;0;0;0;0;0;0;0;0;0;0
"251";"a3";"zmihorski,unpublished";"pisz";"wind";"birds";11;"salvaged";3,14;0;1;1;0;0;0;0;0;0;0;0;0;0;0;0;0;0;0;0;0;0;0;0;0;0;0;0;0;1;0;0;0;0;0;0;0;0;3;1;0;0;0;0;0;0;0;0;0;0;0;0;0;0;0;0;0;0;0;2;0;0;0;0;0;0;2;0;0;0;0;0;0;0;0;0;0
"252";"a4";"zmihorski,unpublished";"pisz";"wind";"birds";11;"salvaged";3,14;0;0;0;0;0;0;0;0;0;0;0;0;0;0;0;0;0;0;0;0;0;0;0;0;0;0;0;0;0;0;0;0;0;0;0;0;0;6;0;0;0;0;0;0;0;0;0;0;0;0;0;0;0;0;0;0;0;0;1;0;0;0;0;0;0;0;0;0;0;0;0;0;0;0;0;0
"253";"a5";"zmihorski,unpublished";"pisz";"wind";"birds";11;"salvaged";3,14;0;1;0;0;0;0;0;0;0;0;0;0;0;0;0;0;0;1;0;1;0;0;0;0;0;0;1;0;0;0;0;1;0;0;0;0;0;2;0;0;0;0;0;0;0;0;1;0;0;0;0;0;0;0;0;2;0;0;1;0;0;0;0;0;0;1;0;0;0;0;0;0;0;0;0;0
"254";"a6";"zmihorski,unpublished";"pisz";"wind";"birds";11;"salvaged";3,14;0;0;0;0;0;1;0;0;0;0;1;0;0;0;0;0;0;0;0;0;0;0;0;0;0;0;2;0;0;0;0;0;0;0;0;0;1;0;0;0;0;0;0;0;0;0;0;0;0;0;0;1;0;0;0;1;1;0;0;0;0;0;0;0;0;2;0;0;0;0;0;0;0;0;0;0
"255";"a7";"zmihorski,unpublished";"pisz";"wind";"birds";11;"salvaged";3,14;0;0;1;0;0;0;0;0;0;0;0;0;0;0;0;0;0;1;0;1;0;0;0;0;0;0;1;0;0;0;0;0;0;0;0;0;0;1;0;0;0;0;0;1;0;0;1;0;0;0;1;0;0;0;0;1;0;0;0;0;0;0;0;0;0;2;0;0;0;0;0;0;0;0;0;0
"256";"b0";"zmihorski,unpublished";"pisz";"wind";"birds";11;"salvaged";3,14;0;0;0;0;0;1;0;0;0;0;1;0;0;0;0;0;0;0;0;1;0;0;0;0;0;0;2;0;0;0;0;1;0;0;0;0;0;3;0;0;2;0;0;0;0;0;0;0;0;0;0;1;0;0;0;1;0;0;1;0;0;0;0;0;0;0;0;0;0;0;0;0;0;0;0;0
"257";"b1";"zmihorski,unpublished";"pisz";"wind";"birds";11;"salvaged";3,14;0;0;0;0;0;0;0;0;0;0;0;0;0;0;0;0;0;2;0;1;0;0;0;0;0;0;0;0;0;0;0;1;0;0;0;0;0;3;0;1;0;0;0;0;0;0;1;0;0;0;1;0;0;0;0;1;1;0;0;0;0;0;0;0;0;2;0;0;0;0;0;0;0;0;0;0
"258";"b2";"zmihorski,unpublished";"pisz";"wind";"birds";11;"salvaged";3,14;0;1;0;1;0;0;0;0;0;0;0;0;0;0;0;0;0;2;0;1;0;0;0;0;0;0;1;0;0;0;0;0;0;0;0;0;0;5;0;1;1;0;0;0;0;0;0;0;0;0;0;0;0;0;0;0;0;0;0;0;0;0;0;0;0;1;0;0;0;0;0;0;0;0;0;0
"259";"b3";"zmihorski,unpublished";"pisz";"wind";"birds";11;"salvaged";3,14;0;0;0;0;0;0;0;0;0;0;0;0;0;0;0;0;0;0;0;2;0;0;0;0;0;0;0;0;0;0;0;1;0;0;0;0;0;1;0;0;0;0;0;0;0;0;0;0;0;0;0;1;1;0;0;2;0;0;0;0;0;0;0;0;0;4;0;0;0;0;0;0;0;0;0;0
"260";"b4";"zmihorski,unpublished";"pisz";"wind";"birds";11;"salvaged";3,14;0;0;0;0;1;1;0;0;0;0;1;0;0;0;0;0;0;0;0;0;0;0;0;0;0;0;0;0;0;0;0;0;0;0;0;0;0;0;0;0;0;0;0;0;0;0;0;0;0;0;1;1;0;0;0;2;0;0;0;0;0;0;0;0;0;2;0;0;0;0;0;0;0;0;0;0
"261";"b5";"zmihorski,unpublished";"pisz";"wind";"birds";11;"salvaged";3,14;0;0;0;0;0;0;0;0;0;0;0;0;0;0;0;0;0;1;0;1;0;0;0;0;0;0;0;0;2;0;0;1;0;0;0;0;0;1;0;0;0;0;0;0;0;0;1;0;0;0;0;1;0;0;0;1;0;0;0;0;0;0;0;0;0;2;0;0;0;0;0;0;0;0;0;0
"262";"b6";"zmihorski,unpublished";"pisz";"wind";"birds";11;"salvaged";3,14;0;1;0;0;0;1;0;0;0;0;0;0;0;0;0;0;0;1;0;0;0;0;0;0;0;1;0;0;0;0;0;2;0;0;0;0;1;2;0;2;0;0;0;1;0;0;0;0;0;0;0;0;0;0;0;1;1;3;0;0;0;0;0;0;0;2;0;0;0;0;0;0;0;0;0;0
"263";"c0";"zmihorski,unpublished";"pisz";"wind";"birds";11;"salvaged";3,14;0;0;0;0;0;0;0;0;0;0;0;0;0;0;0;0;0;0;0;0;0;0;0;0;0;0;0;0;0;0;0;0;0;0;0;1;0;4;0;0;0;0;0;0;0;0;0;0;0;0;0;0;0;0;0;1;0;0;1;0;0;0;0;0;0;1;0;0;0;0;0;0;0;0;0;0
"264";"c1";"zmihorski,unpublished";"pisz";"wind";"birds";11;"salvaged";3,14;0;0;0;0;0;2;0;0;0;0;0;0;0;0;0;0;0;0;0;1;0;0;0;0;0;0;0;0;1;0;0;0;0;0;0;1;0;2;1;0;0;0;0;0;0;0;1;0;0;0;0;0;0;0;0;1;0;2;1;0;0;1;0;0;0;1;0;0;0;0;0;0;0;0;0;0
"265";"c2";"zmihorski,unpublished";"pisz";"wind";"birds";11;"salvaged";3,14;0;0;0;0;0;0;0;0;0;0;1;0;0;0;0;0;0;0;0;0;0;0;0;0;0;0;0;0;1;0;0;0;0;0;0;2;0;1;0;0;0;0;0;0;0;0;0;0;0;0;0;0;0;0;0;1;0;0;1;0;0;0;0;0;0;2;0;0;0;0;0;0;0;0;0;0
"266";"c3";"zmihorski,unpublished";"pisz";"wind";"birds";11;"salvaged";3,14;0;0;0;0;0;0;0;0;0;0;1;0;0;0;0;0;0;0;0;0;0;0;0;0;0;0;0;0;1;0;0;1;0;0;0;0;0;2;0;0;0;0;0;0;0;0;1;0;0;0;0;0;1;0;0;1;0;0;2;0;0;3;0;0;0;1;0;0;0;0;0;0;0;0;0;0
"267";"c4";"zmihorski,unpublished";"pisz";"wind";"birds";11;"salvaged";3,14;1;1;0;0;0;0;0;0;0;0;1;0;0;0;0;0;0;1;0;0;0;0;1;0;0;0;1;0;1;0;1;0;0;0;0;1;0;1;0;0;0;0;0;0;0;0;0;0;0;0;1;0;0;0;0;1;0;0;1;0;0;0;0;0;0;1;0;0;0;1;0;0;0;0;0;0
"268";"c5";"zmihorski,unpublished";"pisz";"wind";"birds";11;"salvaged";3,14;0;0;0;1;0;1;0;0;0;0;0;0;0;0;0;0;0;1;0;0;0;0;0;0;0;0;0;0;1;0;0;0;0;0;0;1;0;1;0;0;0;0;0;0;0;0;0;0;0;0;0;0;0;0;0;1;1;0;0;0;0;0;0;0;0;1;0;0;0;0;0;0;0;0;0;0
"269";"d2";"zmihorski,unpublished";"pisz";"wind";"birds";11;"salvaged";3,14;1;0;0;0;0;0;0;0;0;0;0;0;0;0;0;0;0;0;0;0;0;0;0;0;0;0;0;0;0;0;0;0;0;0;0;0;0;1;0;0;0;0;1;0;1;0;0;0;0;1;0;0;0;0;0;1;0;1;3;0;0;0;0;0;0;0;0;0;0;0;0;0;0;0;0;0
"270";"d3";"zmihorski,unpublished";"pisz";"wind";"birds";11;"salvaged";3,14;0;0;0;0;0;1;0;0;0;0;0;0;0;0;0;0;0;0;0;1;0;0;0;0;0;0;0;0;0;0;0;0;0;0;0;0;0;4;0;0;0;0;0;0;0;0;1;0;0;0;0;0;0;0;0;0;0;0;2;0;0;0;0;0;0;0;0;0;0;0;0;0;0;0;0;0
"271";"d4";"zmihorski,unpublished";"pisz";"wind";"birds";11;"salvaged";3,14;0;0;0;1;0;1;0;0;0;0;1;0;0;1;0;0;0;0;0;0;0;0;0;0;0;0;0;0;0;0;0;0;0;1;0;1;0;4;0;1;0;0;0;0;0;0;0;0;0;0;0;0;0;0;0;1;0;0;0;0;0;0;0;0;0;2;0;0;0;0;0;0;0;0;0;0
"272";"d5";"zmihorski,unpublished";"pisz";"wind";"birds";11;"salvaged";3,14;0;0;0;1;0;0;0;0;0;0;1;0;0;0;0;0;0;1;0;0;0;0;0;0;0;0;0;0;0;0;0;0;0;0;0;0;0;3;1;0;0;0;0;0;0;0;0;0;0;0;1;0;1;0;0;1;1;0;1;0;0;0;0;0;0;1;0;0;0;0;0;0;0;0;0;0
"273";"e1";"zmihorski,unpublished";"pisz";"wind";"birds";11;"salvaged";3,14;0;2;0;0;0;1;0;0;0;0;1;0;0;0;0;0;0;1;0;0;0;0;0;0;0;0;1;0;0;0;0;0;0;1;0;0;0;2;0;1;0;0;0;0;0;0;0;0;0;0;5;0;0;0;0;0;0;2;0;0;0;0;0;0;0;2;0;0;0;0;0;0;0;0;0;0
"274";"e2";"zmihorski,unpublished";"pisz";"wind";"birds";11;"salvaged";3,14;0;0;1;1;0;2;0;0;0;0;0;0;0;0;0;0;0;0;0;1;0;0;0;0;0;0;0;0;0;0;0;0;0;0;0;0;0;2;1;2;0;0;0;0;0;0;2;0;0;0;1;0;0;0;0;0;0;1;1;0;0;0;0;0;0;2;0;0;0;0;0;0;0;0;0;0
"275";"e3";"zmihorski,unpublished";"pisz";"wind";"birds";11;"salvaged";3,14;0;0;0;1;0;1;0;0;0;0;0;0;0;0;0;0;0;1;0;0;0;0;0;0;0;0;0;0;0;0;0;0;0;0;0;0;0;3;0;0;0;0;0;1;0;0;0;0;0;0;1;0;0;0;0;0;0;0;0;0;0;0;0;0;0;1;0;0;0;0;0;0;0;0;0;0
"276";"e4";"zmihorski,unpublished";"pisz";"wind";"birds";11;"salvaged";3,14;0;0;0;0;0;0;0;0;0;0;0;0;0;0;0;0;0;0;0;1;0;0;0;0;0;0;0;0;0;0;0;0;0;0;0;0;0;4;0;0;0;0;0;0;0;0;0;0;0;1;1;1;0;0;0;0;0;0;2;0;0;0;0;0;0;0;0;0;0;0;0;0;0;0;0;0
"277";"e5";"zmihorski,unpublished";"pisz";"wind";"birds";11;"salvaged";3,14;0;2;0;1;0;1;0;0;0;0;0;0;0;0;0;1;0;0;0;0;0;0;0;0;0;0;0;0;0;0;0;0;0;0;0;0;0;2;1;0;0;0;0;1;0;0;1;0;0;0;0;0;0;0;0;1;0;0;1;0;0;0;0;0;0;1;0;0;0;0;0;0;0;0;0;0
"278";"f0";"zmihorski,unpublished";"pisz";"wind";"birds";11;"salvaged";3,14;0;0;0;0;0;0;0;0;0;0;1;0;0;0;0;0;0;0;0;0;0;0;1;0;0;0;0;0;1;0;0;0;0;0;0;0;0;1;0;0;0;0;0;0;0;0;0;0;0;0;0;0;0;0;0;1;0;0;1;0;0;0;0;0;0;3;0;0;0;0;0;0;0;0;0;0
"279";"f1";"zmihorski,unpublished";"pisz";"wind";"birds";11;"salvaged";3,14;0;0;0;0;0;0;0;0;0;0;0;0;0;0;0;1;0;0;0;0;0;0;0;0;0;0;0;0;0;0;0;0;0;0;0;0;0;1;0;1;0;0;0;0;0;0;0;0;0;0;0;0;0;0;0;1;0;0;1;0;0;0;0;0;0;2;0;0;0;0;0;0;0;0;0;0
"280";"f10";"zmihorski,unpublished";"pisz";"wind";"birds";11;"salvaged";3,14;1;0;0;0;0;0;0;0;0;0;0;0;0;0;0;0;0;0;0;0;0;0;1;0;0;0;0;0;2;0;0;0;0;0;0;0;0;1;0;0;0;0;0;0;0;0;0;0;0;0;0;0;0;0;0;0;0;0;1;0;0;0;0;0;0;0;0;0;0;0;0;0;0;0;0;0
"281";"f11";"zmihorski,unpublished";"pisz";"wind";"birds";11;"salvaged";3,14;0;0;0;0;0;0;0;0;0;0;0;0;0;0;0;0;0;0;0;1;0;0;0;0;0;0;0;0;0;0;0;0;0;0;0;0;0;4;0;1;0;0;0;0;0;0;0;0;0;0;0;0;0;0;0;1;0;0;1;0;0;0;0;0;0;0;0;0;0;0;0;0;0;0;0;1
"282";"f2";"zmihorski,unpublished";"pisz";"wind";"birds";11;"salvaged";3,14;0;0;0;0;0;0;0;0;0;0;0;0;0;0;0;0;0;0;0;1;0;0;0;0;0;0;0;0;0;0;0;0;0;0;0;0;0;1;2;0;0;0;0;0;0;0;1;0;0;0;0;0;0;0;0;0;0;0;2;0;0;0;0;0;0;1;0;0;0;0;0;0;0;0;0;0
"283";"f3";"zmihorski,unpublished";"pisz";"wind";"birds";11;"salvaged";3,14;0;0;0;1;0;0;0;0;0;0;0;0;0;0;0;0;0;1;0;0;0;0;0;0;0;0;0;0;0;0;0;0;0;0;0;0;0;2;0;0;0;0;0;0;0;0;1;0;0;0;1;0;1;0;0;0;0;0;1;0;0;0;0;0;0;1;0;0;0;0;0;0;0;0;0;0
"284";"f5";"zmihorski,unpublished";"pisz";"wind";"birds";11;"salvaged";3,14;0;0;0;0;0;0;0;0;0;0;1;0;0;0;0;0;0;0;0;1;0;0;0;0;0;0;0;0;1;0;0;0;0;0;0;0;0;1;0;0;0;0;0;0;0;0;0;0;0;1;0;0;0;0;0;1;0;2;2;0;0;0;0;0;0;1;0;0;0;0;0;0;0;0;0;0
"285";"f8";"zmihorski,unpublished";"pisz";"wind";"birds";11;"salvaged";3,14;0;0;0;2;0;0;0;0;0;0;0;0;0;0;0;0;0;1;0;1;0;0;0;0;0;0;0;0;1;0;0;0;0;1;0;0;0;1;0;2;0;0;0;0;0;0;1;0;0;0;1;0;1;0;0;1;0;0;1;0;0;0;0;0;0;2;0;0;0;0;0;0;0;0;0;0
"286";"f9";"zmihorski,unpublished";"pisz";"wind";"birds";11;"salvaged";3,14;0;0;0;0;0;0;0;0;0;0;0;0;0;0;0;0;0;0;0;0;0;0;0;0;0;0;0;0;4;0;0;0;0;0;0;0;0;4;0;0;0;0;0;0;1;0;0;0;0;1;1;0;0;0;0;0;0;0;2;0;0;0;0;0;0;0;0;0;0;0;0;0;0;0;0;0
"287";"g1";"zmihorski,unpublished";"pisz";"wind";"birds";11;"salvaged";3,14;0;0;0;0;0;0;0;0;0;0;1;0;0;0;0;0;0;0;0;0;0;0;0;0;0;0;0;0;2;0;0;0;0;0;0;1;0;2;1;0;0;0;0;0;0;0;0;0;0;0;0;0;0;0;0;1;0;0;1;0;0;0;0;0;0;3;0;0;0;0;0;0;0;0;0;0
"288";"g10";"zmihorski,unpublished";"pisz";"wind";"birds";11;"salvaged";3,14;0;1;0;0;0;1;0;0;0;0;0;0;0;0;0;0;0;0;0;2;0;0;0;0;0;0;0;0;0;0;0;0;0;0;0;0;0;1;0;0;1;0;0;0;0;0;0;0;0;0;1;0;1;0;0;2;1;0;0;0;0;0;0;0;0;3;0;0;0;0;0;0;0;0;0;0
"289";"g11";"zmihorski,unpublished";"pisz";"wind";"birds";11;"salvaged";3,14;0;0;0;0;0;0;0;0;0;0;0;0;0;0;0;1;0;0;0;0;0;0;0;0;0;0;0;0;0;0;0;0;0;0;0;0;0;2;0;0;0;0;0;0;0;0;0;0;0;1;1;0;0;0;0;0;0;0;0;0;0;0;0;0;0;1;0;0;0;0;0;0;0;0;0;0
"290";"g2";"zmihorski,unpublished";"pisz";"wind";"birds";11;"salvaged";3,14;0;0;0;1;0;0;0;0;0;0;0;0;0;0;0;0;0;0;0;0;0;0;0;0;0;0;0;0;0;0;0;0;0;0;0;0;0;1;0;0;0;0;0;0;0;0;0;1;0;0;1;0;0;0;0;0;0;0;1;0;0;0;0;0;0;1;0;0;0;0;0;0;0;0;0;0
"291";"g3";"zmihorski,unpublished";"pisz";"wind";"birds";11;"salvaged";3,14;0;0;0;1;0;0;0;0;0;0;0;0;0;0;0;0;0;1;0;0;0;0;0;0;0;0;0;0;0;0;0;0;0;0;0;0;0;4;0;1;0;0;0;0;0;0;1;0;0;1;1;0;0;0;0;0;0;0;2;0;0;0;0;0;0;0;0;0;0;0;0;0;0;0;0;0
"292";"g4";"zmihorski,unpublished";"pisz";"wind";"birds";11;"salvaged";3,14;0;0;1;0;0;0;0;0;0;0;0;0;0;0;0;0;0;1;0;1;0;0;0;0;0;0;0;0;0;0;0;0;0;1;0;0;0;5;0;1;0;0;0;0;0;0;1;0;0;0;2;0;0;0;0;0;0;0;1;0;0;0;0;0;0;1;0;0;0;0;0;0;0;0;0;0
"293";"g6";"zmihorski,unpublished";"pisz";"wind";"birds";11;"salvaged";3,14;0;0;0;1;0;1;0;0;0;0;0;0;0;0;0;0;0;0;0;1;0;0;0;0;0;0;0;0;1;0;0;0;0;0;0;0;0;1;0;0;0;0;0;0;0;0;0;0;0;1;0;0;0;0;0;0;0;0;1;0;0;0;0;0;0;0;0;0;0;0;1;1;0;0;0;0
"294";"g8";"zmihorski,unpublished";"pisz";"wind";"birds";11;"salvaged";3,14;1;0;0;0;0;0;0;0;0;0;1;0;2;0;0;0;0;1;0;1;0;0;0;0;0;0;0;0;2;0;0;0;0;0;0;0;2;2;0;0;0;0;0;0;0;0;0;0;0;0;0;0;0;0;0;1;0;0;2;0;0;0;0;0;0;2;0;0;0;0;0;0;0;0;0;0
"295";"g9";"zmihorski,unpublished";"pisz";"wind";"birds";11;"salvaged";3,14;0;1;0;0;0;0;0;0;0;0;0;0;0;0;0;0;0;0;0;1;0;0;0;0;0;0;0;0;2;0;0;0;0;0;0;0;0;1;0;0;0;0;0;0;0;0;0;2;0;0;1;0;0;0;0;1;0;0;0;0;0;0;0;0;0;1;0;0;0;0;0;0;0;0;0;0
"296";"h0";"zmihorski,unpublished";"pisz";"wind";"birds";11;"salvaged";3,14;0;0;0;1;0;0;0;0;0;0;2;0;0;0;0;0;0;0;0;0;0;0;0;0;0;0;0;0;0;0;0;0;0;0;0;0;0;0;1;0;0;0;0;0;0;0;1;0;0;0;0;1;1;0;0;0;0;0;1;0;0;0;0;0;0;2;0;0;0;0;0;0;0;0;0;0
"297";"h1";"zmihorski,unpublished";"pisz";"wind";"birds";11;"salvaged";3,14;0;0;0;1;0;0;0;0;0;0;0;0;2;0;1;0;0;0;0;0;0;0;0;0;0;0;0;0;0;0;0;0;0;0;0;0;0;1;0;0;0;0;0;0;0;0;0;0;0;0;2;0;0;0;0;1;0;2;0;0;0;0;0;0;0;4;0;0;0;0;0;0;0;0;0;0
"298";"h2";"zmihorski,unpublished";"pisz";"wind";"birds";11;"salvaged";3,14;0;1;1;2;0;0;0;0;0;0;1;0;0;0;0;0;0;0;0;0;0;0;0;0;0;0;0;0;0;0;0;0;0;1;0;0;0;1;0;0;0;0;0;0;0;0;0;0;0;0;0;0;1;0;0;2;0;0;1;0;0;0;0;0;0;2;0;0;0;0;0;0;0;0;0;0
"299";"h3";"zmihorski,unpublished";"pisz";"wind";"birds";11;"salvaged";3,14;0;1;1;0;0;0;0;0;0;0;0;0;0;0;0;0;0;1;0;0;0;0;0;0;0;0;1;0;0;0;0;2;0;0;0;0;0;4;0;1;0;0;0;0;0;0;1;0;0;0;0;0;1;0;0;0;0;0;0;0;0;0;0;0;0;2;1;0;0;0;0;0;0;0;0;0
"300";"h4";"zmihorski,unpublished";"pisz";"wind";"birds";11;"salvaged";3,14;0;0;0;2;0;0;0;0;0;0;0;0;0;0;0;0;0;0;0;0;0;0;0;0;0;0;0;0;0;0;0;0;0;0;0;0;0;1;0;1;0;0;0;0;0;0;1;0;0;0;0;0;0;0;0;0;0;0;0;0;0;0;0;0;0;1;0;0;0;0;0;0;0;0;0;0
"301";"x4";"zmihorski,unpublished";"pisz";"wind";"birds";11;"salvaged";3,14;0;0;0;1;0;0;0;0;0;0;2;0;0;0;0;0;0;0;0;0;0;0;0;0;0;0;0;0;0;0;0;0;0;1;0;0;0;3;0;0;0;0;0;0;0;0;1;0;0;0;1;0;0;0;0;0;1;0;1;0;0;0;0;0;0;1;0;0;0;0;0;0;0;0;0;0
"302";"x5";"zmihorski,unpublished";"pisz";"wind";"birds";11;"salvaged";3,14;0;0;0;0;0;0;0;0;0;0;0;0;0;1;0;0;0;0;0;0;0;0;0;0;0;0;0;0;0;0;0;0;0;0;0;0;0;4;1;1;0;0;0;0;0;0;0;0;0;0;0;0;0;0;0;1;0;0;1;0;0;0;0;0;0;1;0;0;0;0;0;0;0;0;0;0
"303";"x6";"zmihorski,unpublished";"pisz";"wind";"birds";11;"salvaged";3,14;0;0;0;0;0;1;0;0;0;0;2;0;2;0;2;0;0;0;0;1;0;0;0;0;0;0;0;0;0;0;0;0;0;0;0;0;0;2;0;1;0;0;0;0;0;0;1;0;0;0;1;0;0;0;0;1;0;0;0;0;0;1;0;0;0;2;0;0;0;0;0;0;0;0;0;0
"304";"x7";"zmihorski,unpublished";"pisz";"wind";"birds";11;"salvaged";3,14;0;0;1;0;1;0;0;0;0;0;2;0;0;0;0;0;0;0;0;1;0;0;0;0;0;0;0;0;0;0;0;0;0;0;0;0;1;2;0;0;0;0;0;1;0;0;0;0;0;0;6;0;0;0;0;1;1;0;0;0;0;0;0;0;0;2;0;0;0;0;0;0;0;0;0;0
