id;species;weight_mean;clutchsize_mean;nest_position;migration;nocturnal;foraging.substrate_water;foraging.substrate_mud;foraging.substrate_ground;foraging.substrate_trunk;foraging.substrate_vegetation;foraging.substrate_air;foraging.method_pursuit;foraging.method_gleaning;foraging.method_pouncing;foraging.method_grazing;foraging.method_digging;foraging.method_scavenging;foraging.method_probing;diet_plant;diet_vertebrates;diet_invertebrates
1;Accipiter_cooperii;488.5;4;canopy;1;0;0;0;0;0;0;1;1;0;1;0;0;0;0;0;1;0
2;Accipiter_gentilis;808;3;canopy;0;0;0;0;1;0;0;1;1;0;1;0;0;1;0;0;1;0
3;Accipiter_nisus;227;5;canopy;0;0;0;0;0;0;0;1;1;0;1;0;0;0;0;0;1;0
4;Accipiter_soloensis;155;3.5;canopy;1;0;0;0;1;0;0;1;1;0;1;0;0;0;0;0;1;0
5;Accipiter_striatus;150;5;canopy;1;0;0;0;0;0;0;1;1;0;1;0;0;0;0;0;1;0
6;Acrocephalus_palustris;12;4.5;canopy;1;0;0;0;0;0;1;0;0;1;0;0;0;0;0;0;0;1
7;Aegithalos_caudatus;8.3;10;canopy;0;0;0;0;0;1;1;0;0;1;0;0;0;0;0;0;0;1
8;Agelaius_phoeniceus;52.5;3.5;canopy;1;0;0;0;1;0;1;1;0;1;1;0;1;0;0;1;0;1
9;Alauda_arvensis;40;4;ground;1;0;0;0;1;0;0;0;0;1;0;0;0;0;0;1;0;1
10;Alectoris_rufa;465.5;13;ground;0;0;0;0;1;0;0;0;0;1;0;1;1;0;0;1;0;1
11;Anas_platyrhynchos;1100;10;ground;1;0;1;1;1;0;0;0;0;1;0;1;0;0;0;1;1;1
12;Anthus_campestris;28.75;5;ground;1;0;0;0;1;0;1;0;0;1;0;0;0;0;0;0;0;1
13;Anthus_pratensis;19;4.5;ground;1;0;0;0;1;0;1;0;0;1;0;0;0;0;0;0;0;1
14;Anthus_spinoletta;20.5;5;ground;1;0;0;0;1;0;1;0;0;1;0;0;0;0;0;0;0;1
15;Anthus_trivialis;24.4;6;ground;1;0;0;0;1;0;1;0;0;1;0;0;0;0;0;0;0;1
16;Aquila_pomarina;1500;2;canopy;1;0;0;0;1;0;0;0;1;0;1;0;0;1;0;0;1;0
17;Bombycilla_cedrorum;32;4;canopy;0;0;0;0;0;0;1;0;0;1;0;0;0;0;0;1;0;0
18;Bonasa_bonasia;367.5;5.5;ground;0;0;0;0;1;0;1;0;0;1;0;1;1;0;0;1;0;0
19;Bonasa_umbellus;667.5;11.5;ground;0;0;0;0;1;0;1;0;0;1;0;1;0;0;0;1;0;0
20;Bucephala_clangula;1147;6.5;hole;1;0;1;0;0;0;0;0;0;1;0;1;0;0;0;0;0;1
21;Buteo_buteo;893.5;3.5;canopy;0;0;0;0;1;0;0;0;1;0;1;0;0;1;0;0;1;0
22;Buteo_jamaicensis;1075;3.5;canopy;0;0;0;0;1;0;0;0;1;0;1;0;0;1;0;0;1;0
23;Caprimulgus_europaeus;75;2;ground;1;1;0;0;0;0;0;1;1;0;0;0;0;0;0;0;0;1
24;Caprimulgus_indicus;84;2;ground;1;1;0;0;0;0;0;1;1;0;0;0;0;0;0;0;0;1
25;Carduelis_cannabina;20.5;5.5;canopy;0;0;0;0;1;0;1;0;0;1;0;0;0;0;0;1;0;0
26;Carduelis_carduelis;16.5;5;canopy;0;0;0;0;1;0;1;0;0;1;0;0;0;0;0;1;0;0
27;Carduelis_chloris;25.5;4.5;canopy;0;0;0;0;1;0;1;0;0;1;0;0;0;0;0;1;0;0
28;Carduelis_flammea;13.5;5;canopy;0;0;0;0;0;0;1;0;0;1;0;0;0;0;0;1;0;0
29;Carduelis_pinus;14.5;4;canopy;0;0;0;0;0;0;1;0;0;1;0;0;0;0;0;1;0;0
30;Carduelis_spinus;13.5;4;canopy;0;0;0;0;0;0;1;0;0;1;0;0;0;0;0;1;0;0
31;Carduelis_tristis;11.5;4.5;canopy;1;0;0;0;0;0;1;0;0;1;0;0;0;0;0;1;0;0
32;Carpodacus_cassinii;29;4.5;canopy;1;0;0;0;1;0;1;0;0;1;0;0;0;0;0;1;0;0
33;Carpodacus_purpureus;23;4.5;canopy;0;0;0;0;0;0;1;0;0;1;0;0;0;0;0;1;0;0
34;Catharus_guttatus;28;4.5;ground;1;0;0;0;1;0;0;0;0;1;0;0;0;0;0;0;0;1
35;Catharus_ustulatus;35;3.5;canopy;1;0;0;0;1;0;0;0;0;1;0;0;0;0;0;1;0;1
36;Catherpes_mexicanus;13.5;5;ground;0;0;0;0;1;0;0;0;0;1;0;0;0;0;0;0;0;1
37;Certhia_americana;8.5;4.5;hole;0;0;0;0;0;1;1;0;0;1;0;0;0;0;0;1;0;1
38;Certhia_brachydactyla;9.2;5;hole;0;0;0;0;0;1;1;0;0;1;0;0;0;0;0;1;0;1
39;Certhia_familiaris;8.5;5;hole;0;0;0;0;0;1;1;0;0;1;0;0;0;0;0;1;0;1
40;Chaetura_vauxi;18.5;5.5;canopy;1;0;0;0;0;0;0;1;1;0;0;0;0;0;0;0;0;1
41;Chondestes_grammacus;29;4.5;ground;1;0;0;0;1;0;1;0;0;1;0;0;0;0;0;1;0;1
42;Chordeiles_minor;76.5;2;ground;1;1;0;0;0;0;0;1;1;0;0;0;0;0;0;0;0;1
43;Circaetus_gallicus;1750;1;canopy;1;0;0;0;1;0;0;0;0;0;1;0;0;1;0;0;1;0
44;Circus_aeruginosus;682.5;4.5;ground;1;0;0;0;1;0;0;1;1;0;1;0;0;1;0;0;1;0
45;Cisticola_juncidis;9.5;4.5;ground;0;0;0;0;1;0;1;0;0;1;0;0;0;0;0;0;0;1
46;Clamator_glandarius;124;5.5;canopy;1;0;0;0;1;0;1;0;0;1;0;0;0;0;0;0;1;1
47;Coccothraustes_coccothraustes;59;4.5;canopy;0;0;0;0;1;0;1;0;0;1;0;0;0;0;0;1;0;0
48;Coccothraustes_vespertinus;54.9;3;canopy;1;0;0;0;1;0;1;0;0;1;0;0;0;0;0;1;0;0
49;Colaptes_auratus;135;4;hole;0;0;0;0;1;1;1;0;0;1;0;0;0;0;1;0;0;1
50;Columba_oenas;325.5;3.5;hole;1;0;0;0;1;0;1;0;0;1;0;0;0;0;0;1;0;0
51;Columba_palumbus;487;2;canopy;1;0;0;0;1;0;1;0;0;1;0;0;0;0;0;1;0;0
52;Contopus_cooperi;34.5;3;canopy;1;0;0;0;0;0;1;1;1;1;1;0;0;0;0;0;0;1
53;Contopus_sordidulus;13;3;canopy;1;0;0;0;0;0;1;1;1;1;1;0;0;0;0;0;0;0
54;Corvus_brachyrhynchos;412.5;4.5;canopy;1;0;0;0;1;0;0;0;0;1;1;0;1;1;0;1;1;1
55;Corvus_corax;1292.5;4.5;canopy;0;0;0;0;1;0;0;0;0;0;1;0;1;1;0;1;1;1
56;Corvus_corone;499;4;canopy;0;0;0;0;1;0;0;0;0;1;0;0;1;1;0;1;1;1
57;Corvus_macrorhynchos;725;4;canopy;0;0;0;0;1;0;0;0;0;1;0;0;1;1;0;1;1;1
58;Coturnix_coturnix;112.5;9;ground;1;0;0;0;1;0;0;0;0;1;0;0;1;0;0;1;0;1
59;Crex_crex;169.5;10;ground;1;0;0;0;1;0;0;0;0;1;0;0;1;0;0;0;0;1
60;Cuculus_canorus;119.5;10;canopy;1;0;0;0;1;0;1;0;0;1;0;0;0;0;0;0;0;1
61;Cuculus_micropterus;119;10;canopy;1;0;0;0;1;0;1;0;0;1;0;0;0;0;0;0;0;1
62;Cuculus_saturatus;106;10;canopy;1;0;0;0;1;0;1;0;0;1;0;0;0;0;0;0;0;1
63;Cyanocitta_stelleri;121;4;canopy;0;0;0;0;1;1;1;0;0;1;0;0;0;0;0;1;0;1
64;Cyanoptila_cyanomelana;25;5;hole;1;0;0;0;0;0;1;1;1;1;1;0;0;0;0;0;0;1
65;Dendragapus_falcipennis;660;4;ground;0;0;0;0;1;0;1;0;0;1;0;1;0;0;0;1;0;0
66;Dendragapus_fuliginosus;1037;7;ground;0;0;0;0;1;0;1;0;0;1;0;1;0;0;0;1;0;0
67;Dendragapus_obscurus;1135;7;ground;0;0;0;0;1;0;1;0;0;1;0;1;0;0;0;1;0;0
68;Dendrocopos_kizuki;22;6;hole;0;0;0;0;0;1;1;0;0;1;0;0;0;0;1;0;0;1
69;Dendrocopos_leucotos;105;4;hole;0;0;0;0;0;1;0;0;0;0;0;0;0;0;1;0;0;1
70;Dendrocopos_major;84;5;hole;0;0;0;0;0;1;1;0;0;1;0;0;0;0;1;0;0;1
71;Dendrocopos_minor;22;6;hole;0;0;0;0;0;1;1;0;0;1;0;0;0;0;1;0;0;1
72;Dendroica_coronata;13;4;canopy;1;0;0;0;0;1;1;0;0;1;0;0;0;0;0;0;0;1
73;Dendroica_nigrescens;8.5;4;canopy;1;0;0;0;0;0;1;0;0;1;0;0;0;0;0;0;0;1
74;Dendroica_occidentalis;10.5;4.5;canopy;1;0;0;0;0;0;1;0;0;1;0;0;0;0;0;0;0;1
75;Dendroica_petechia;11;4;canopy;1;0;0;0;0;0;1;0;0;1;0;0;0;0;0;0;0;1
76;Dendroica_townsendi;8.8;4.5;canopy;1;0;0;0;0;0;1;0;0;1;0;0;0;0;0;0;0;1
77;Dryocopus_martius;310;5;hole;0;0;0;0;0;1;0;0;0;0;0;0;0;0;1;1;0;1
78;Dryocopus_pileatus;300;4;hole;0;0;0;0;0;1;0;0;0;0;0;0;0;0;1;1;0;1
79;Emberiza_cia;23;4;ground;1;0;0;0;1;0;1;0;0;1;0;0;0;0;0;1;0;1
80;Emberiza_cioides;21.5;4;ground;1;0;0;0;1;0;1;0;0;1;0;0;0;0;0;1;0;1
81;Emberiza_cirlus;24.5;3.5;ground;1;0;0;0;1;0;1;0;0;1;0;0;0;0;0;1;0;1
82;Emberiza_citrinella;27.5;4;ground;0;0;0;0;1;0;1;0;0;1;0;0;0;0;0;1;0;0
83;Emberiza_elegans;22;3.5;ground;0;0;0;0;1;0;1;0;0;1;0;0;0;0;0;1;0;1
84;Emberiza_schoeniclus;18;5.5;ground;1;0;0;0;1;0;1;0;0;1;0;0;0;0;0;1;0;0
85;Emberiza_tristrami;17.5;5;canopy;1;0;0;0;1;0;1;0;0;1;0;0;0;0;0;1;0;1
86;Empidonax_difficilis;10.5;4;canopy;1;0;0;0;0;0;1;1;1;1;0;0;0;0;0;0;0;1
87;Empidonax_hammondii;10;4;canopy;1;0;0;0;0;0;1;1;1;1;0;0;0;0;0;0;0;1
88;Empidonax_minimus;10.5;4;canopy;1;0;0;0;0;0;1;1;1;1;0;0;0;0;0;0;0;1
89;Empidonax_oberholseri;10;3.5;canopy;1;0;0;0;0;0;1;1;1;1;0;0;0;0;0;0;0;1
90;Empidonax_occidentalis;11;3.5;canopy;1;0;0;0;0;0;1;1;1;1;0;0;0;0;0;0;0;1
91;Empidonax_traillii;13.5;4;canopy;1;0;0;0;0;0;1;1;1;1;0;0;0;0;0;0;0;1
92;Erithacus_rubecula;17.6;5;ground;0;0;0;0;1;1;1;0;0;1;0;0;0;0;0;1;0;1
93;Eurystomus_orientalis;147.5;3.5;hole;0;0;0;0;0;0;0;1;1;0;1;0;0;0;0;0;0;1
94;Falco_peregrinus;1005;3.5;canopy;0;0;0;0;0;0;0;1;1;0;1;0;0;0;0;0;1;0
95;Falco_sparverius;123;5;canopy;0;0;0;0;1;0;0;1;1;0;1;0;0;0;0;0;1;1
96;Falco_subbuteo;235;3;canopy;1;0;0;0;1;0;0;1;1;0;1;0;0;0;0;0;1;1
97;Falco_tinnunculus;225;5;canopy;0;0;0;0;1;0;0;0;1;0;1;0;0;0;0;0;1;1
98;Ficedula_hypoleuca;16;6.5;hole;1;0;0;0;0;1;1;1;1;1;1;0;0;0;0;0;0;1
99;Fringilla_coelebs;23;4.5;canopy;1;0;0;0;1;1;1;0;0;1;0;0;0;0;0;1;0;1
100;Fringilla_montifringilla;23.5;6.5;canopy;1;0;0;0;0;1;1;0;0;1;0;0;0;0;0;1;0;1
101;Galerida_cristata;46;4;ground;1;0;0;0;1;0;0;0;0;1;0;0;0;0;0;1;0;0
102;Galerida_theklae;35;4;ground;0;0;0;0;1;0;0;0;0;1;0;0;0;0;0;1;0;1
103;Gallinago_delicata;112.5;4;ground;1;0;1;1;1;0;0;0;0;0;0;0;1;0;1;0;0;1
104;Gallinago_gallinago;126.5;4;ground;1;0;1;1;1;0;0;0;0;0;0;0;1;0;1;0;0;1
105;Garrulus_glandarius;163;5;canopy;0;0;0;0;1;1;1;0;0;1;0;0;0;0;0;1;0;1
106;Geothlypis_tolmiei;11;4;canopy;1;0;0;0;1;0;1;0;0;1;0;0;0;0;0;0;0;1
107;Geothlypis_trichas;11.5;4;canopy;1;0;0;0;0;0;1;1;1;1;0;0;0;0;0;0;0;1
108;Grus_grus;5300;2;ground;1;0;1;1;1;0;0;0;0;1;1;0;1;0;0;1;1;1
109;Halcyon_pileata;79;4.5;ground;1;0;1;0;0;0;0;1;1;0;1;0;0;0;0;0;1;1
110;Haliaeetus_albicilla;4793;2;ground;0;0;1;1;1;0;0;1;1;1;1;1;0;1;0;0;1;1
111;Hippolais_icterina;13;4;canopy;1;0;0;0;0;0;1;0;0;1;0;0;0;0;0;0;0;1
112;Hippolais_polyglotta;12;4;canopy;1;0;0;0;0;0;1;0;0;1;0;0;0;0;0;0;0;1
113;Hirundo_rustica;19;4.5;hole;1;0;0;0;0;0;0;1;1;0;1;0;0;0;0;0;0;1
114;Ixos_amaurotis;75.3;4.5;canopy;1;0;0;0;0;1;1;0;0;1;0;0;0;0;0;1;0;1
115;Junco_hyemalis;19.8;4.5;ground;1;0;0;0;1;0;0;0;0;1;0;0;0;0;0;1;0;1
116;Jynx_torquilla;40;8;hole;1;0;0;0;1;1;0;0;0;1;0;0;0;0;1;0;0;1
117;Lanius_bucephalus;43;5.5;canopy;1;0;0;0;1;0;1;0;0;1;1;0;0;0;0;0;1;1
118;Lanius_collurio;28.3;5.5;canopy;1;0;0;0;1;0;1;0;0;1;1;0;0;0;0;0;1;1
119;Lanius_excubitor;64.5;6;canopy;1;0;0;0;1;0;1;0;0;1;1;0;0;0;0;0;1;1
120;Lanius_meridionalis;70.5;5;canopy;0;0;0;0;1;0;1;0;0;1;1;0;0;0;0;0;1;1
121;Lanius_senator;40;5;canopy;1;0;0;0;1;0;1;0;0;1;1;0;0;0;0;0;1;1
122;Loxia_curvirostra;38;4;canopy;0;0;0;0;0;1;1;0;0;1;0;0;0;0;0;1;0;0
123;Lullula_arborea;29;3.5;ground;1;0;0;0;1;0;0;0;0;1;0;0;0;0;0;0;0;1
124;Luscinia_megarhynchos;26.5;4.5;ground;1;0;0;0;0;0;1;0;0;1;0;0;0;0;0;0;0;1
125;Megaceryle_alcyon;145.5;6.5;ground;1;0;1;0;0;0;0;1;0;0;1;0;0;0;0;0;1;0
126;Melanerpes_erythrocephalus;76.5;5;hole;0;0;0;0;0;1;0;0;0;0;0;0;0;0;1;0;0;1
127;Melanerpes_formicivorus;73.5;4;hole;0;0;0;0;0;1;1;0;0;1;0;0;0;0;1;1;0;1
128;Melanerpes_lewis;115;6.5;hole;1;0;0;0;0;1;0;0;0;0;0;0;0;0;1;1;0;1
129;Meleagris_gallopavo;7300;11;ground;0;0;0;0;1;0;0;0;0;1;0;0;0;0;0;1;0;1
130;Melospiza_lincolnii;19.2;4.5;ground;1;0;0;0;1;1;1;0;0;1;0;0;0;0;0;1;0;1
131;Melospiza_melodia;19.1;4;ground;1;0;0;0;1;0;1;0;0;1;0;0;0;0;0;1;0;1
132;Merops_apiaster;32.5;5.5;ground;1;0;0;0;0;0;0;1;1;1;0;0;0;0;0;0;0;1
133;Miliaria_calandra;48.2;4.5;ground;1;0;0;0;1;0;1;0;0;1;0;0;0;0;0;1;0;1
134;Molothrus_ater;44;10;canopy;1;0;0;0;1;0;0;0;0;1;0;0;0;0;0;1;0;1
135;Motacilla_alba;21.1;5.5;ground;1;0;0;0;1;0;0;0;0;1;0;0;0;0;0;1;0;1
136;Motacilla_cinerea;17.5;4.5;ground;1;0;0;0;1;0;0;0;0;1;0;0;0;0;0;1;0;1
137;Muscicapa_sibirica;10.2;3.5;hole;1;0;0;0;0;0;1;1;1;0;0;0;0;0;0;0;0;1
138;Muscicapa_striata;17;5;hole;1;0;0;0;0;0;0;1;1;0;0;0;0;0;0;0;0;1
139;Myadestes_townsendi;27.5;3.5;ground;1;0;0;0;1;0;1;0;0;1;0;0;0;0;0;1;0;1
140;Nucifraga_columbiana;141;3;canopy;0;0;0;0;0;0;1;0;0;1;0;0;0;0;0;1;0;1
141;Oenanthe_hispanica;17.2;4.5;ground;1;0;0;0;1;0;0;0;0;1;0;0;0;0;0;0;0;1
142;Oenanthe_oenanthe;25.5;5.5;ground;1;0;0;0;1;0;0;0;0;1;0;0;0;0;0;1;0;1
143;Oporornis_tolmiei;10.6;4;canopy;1;0;0;0;1;1;1;0;0;1;0;0;0;0;0;0;0;1
144;Oreortyx_pictus;239.5;10;ground;0;0;0;0;1;0;1;0;0;1;0;0;0;0;0;1;0;0
145;Oriolus_chinensis;82.5;3;canopy;1;0;0;0;0;0;1;0;0;1;0;0;0;0;0;1;0;0
146;Oriolus_oriolus;72;4;canopy;1;0;0;0;0;0;1;0;0;0;0;0;0;0;0;1;0;1
147;Pandion_haliaetus;1520;3;canopy;1;0;1;0;0;0;0;1;1;0;0;0;0;0;0;0;1;0
148;Parus_ater;9.5;9;hole;0;0;0;0;0;0;1;0;0;1;0;0;0;0;0;0;0;1
149;Parus_atricapillus;11.5;7;hole;0;0;0;0;0;0;1;0;0;1;0;0;0;0;0;0;0;1
150;Parus_caeruleus;11.1;16;hole;0;0;0;0;0;0;1;0;0;1;0;0;0;0;0;1;0;1
151;Parus_cristatus;12.75;12.5;hole;0;0;0;0;0;0;1;0;0;1;0;0;0;0;0;0;0;1
152;Parus_gambeli;10.5;8;hole;0;0;0;0;0;0;1;0;0;1;0;0;0;0;0;1;0;1
153;Parus_major;17;11;hole;0;0;0;0;0;0;1;0;0;1;0;0;0;0;0;1;0;1
154;Parus_montanus;11.5;8.5;hole;0;0;0;0;0;0;1;0;0;1;0;0;0;0;0;1;0;1
155;Parus_palustris;11.5;8;hole;0;0;0;0;0;0;1;0;0;1;0;0;0;0;0;0;0;1
156;Parus_rufescens;11;6;hole;0;0;0;0;0;0;1;0;0;1;0;0;0;0;0;1;0;1
157;Parus_varius;16.5;6.5;hole;0;0;0;0;0;0;1;0;0;1;0;0;0;0;0;1;0;1
158;Passer_domesticus;28.5;5;hole;0;0;0;0;1;0;0;0;0;1;0;0;0;0;0;1;0;1
159;Passerella_iliaca;37.9;4;ground;0;0;0;0;1;0;1;0;0;1;0;0;0;0;0;1;0;1
160;Passerina_amoena;16.1;4;ground;1;0;0;0;1;0;1;0;0;1;0;0;0;0;0;0;0;1
161;Patagioenas_fasciata;343;2;canopy;1;0;0;0;1;0;1;0;0;1;0;0;0;0;0;1;0;0
162;Perisoreus_canadensis;67.5;3;canopy;0;0;0;0;0;0;1;0;0;1;0;0;0;0;0;1;0;1
163;Pernis_apivorus;705;2;canopy;1;0;0;0;1;0;1;0;1;1;0;0;0;1;0;0;1;1
164;Petronia_petronia;32.5;4.5;ground;1;0;0;0;1;0;1;0;0;1;0;0;0;0;0;1;0;1
165;Phasianus_colchicus;1267.5;10;ground;0;0;0;0;1;0;0;0;0;1;1;0;0;0;0;1;0;1
166;Pheucticus_melanocephalus;42;3.5;canopy;1;0;0;0;0;0;1;0;0;1;0;0;0;0;0;1;0;1
167;Phoenicurus_auroreus;15.5;4.5;hole;1;0;0;0;1;0;0;1;1;1;0;0;0;0;0;1;0;1
168;Phoenicurus_ochruros;16;5;hole;1;0;0;0;1;0;0;0;0;1;0;0;0;0;0;1;0;1
169;Phoenicurus_phoenicurus;17;6;hole;1;0;0;0;1;0;1;0;1;1;0;0;0;0;0;1;0;1
170;Phylloscopus_bonelli;9.25;5.5;ground;1;0;0;0;0;0;1;0;0;1;0;0;0;0;0;0;0;1
171;Phylloscopus_borealis;11.25;6;ground;1;0;0;0;0;0;1;0;0;1;0;0;0;0;0;0;0;1
172;Phylloscopus_collybita;8.5;6.5;ground;1;0;0;0;0;0;1;0;0;1;0;0;0;0;0;1;0;1
173;Phylloscopus_sibilatrix;11.2;6;ground;1;0;0;0;0;0;1;0;0;1;0;0;0;0;0;0;0;1
174;Phylloscopus_trochilus;10.5;6;ground;1;0;0;0;0;0;1;0;0;1;0;0;0;0;0;0;0;1
175;Pica_hudsonia;177.5;6;canopy;0;0;0;0;1;0;1;0;0;1;0;0;0;1;0;1;1;1
176;Pica_pica;226.5;6.5;canopy;0;0;0;0;1;0;1;0;0;1;0;0;0;1;0;1;1;1
177;Picoides_albolarvatus;64.5;4.5;hole;0;0;0;0;0;1;0;0;0;0;0;0;0;0;1;0;0;1
178;Picoides_arcticus;74.5;3.5;hole;0;0;0;0;0;1;0;0;0;0;0;0;0;0;1;0;0;1
179;Picoides_dorsalis;55.75;5;hole;0;0;0;0;0;1;0;0;0;0;0;0;0;0;1;1;0;1
180;Picoides_pubescens;25.5;4.5;hole;0;0;0;0;0;1;0;0;0;0;0;0;0;0;1;1;0;1
181;Picoides_tridactylus;64.5;3.5;hole;0;0;0;0;0;1;0;0;0;0;0;0;0;0;1;0;0;1
182;Picoides_villosus;69.5;4;hole;0;0;0;0;0;1;1;0;0;0;0;0;0;0;1;0;0;1
183;Picus_canus;158;8;hole;0;0;0;0;0;1;0;0;0;0;0;0;0;0;1;0;0;1
184;Picus_viridis;194;5;hole;0;0;0;0;1;1;1;0;0;1;0;0;0;0;1;0;0;1
185;Pinicola_enucleator;59.5;4;canopy;0;0;0;0;0;0;1;0;0;1;0;0;0;0;0;1;0;0
186;Pipilo_chlorurus;30.5;6;canopy;1;0;0;0;1;0;1;0;0;1;0;0;0;0;0;1;0;0
187;Pipilo_maculatus;39.8;4;ground;1;0;0;0;1;0;1;0;0;1;0;0;0;0;0;0;0;1
188;Piranga_ludoviciana;30;4;canopy;1;0;0;0;0;0;1;1;1;1;0;0;0;0;0;1;0;1
189;Pooecetes_gramineus;24;4;ground;1;0;0;0;1;0;0;0;0;1;0;0;0;0;0;1;0;1
190;Prunella_modularis;19.5;4;ground;0;0;0;0;1;0;1;0;0;1;0;0;0;0;0;1;0;1
191;Prunella_montanella;17.5;5;ground;1;0;0;0;1;0;1;0;0;1;0;0;0;0;0;1;0;1
192;Pyrrhula_pyrrhula;29.5;4.5;canopy;0;0;0;0;0;0;1;0;0;1;0;0;0;0;0;1;0;1
193;Regulus_calendula;6;8;canopy;1;0;0;0;0;0;1;1;0;1;0;0;0;0;0;1;0;1
194;Regulus_ignicapilla;6;8;canopy;1;0;0;0;0;0;1;1;0;1;0;0;0;0;0;0;0;1
195;Regulus_regulus;5.85;9;canopy;1;0;0;0;0;0;1;1;0;1;0;0;0;0;0;0;0;1
196;Regulus_satrapa;7.5;8;canopy;1;0;0;0;0;0;1;1;0;1;0;0;0;0;0;1;0;1
197;Salpinctes_obsoletus;16.5;5;ground;1;0;0;0;1;0;0;0;0;1;0;0;1;0;1;0;1;1
198;Saxicola_rubetra;19.5;5.5;ground;1;0;0;0;1;0;1;0;0;1;1;0;0;0;0;0;0;1
199;Saxicola_torquatus;15;4;ground;1;0;0;0;1;0;1;0;0;1;1;0;0;0;0;0;0;1
200;Seiurus_aurocapilla;21;4.5;ground;1;0;0;0;1;0;0;0;0;1;0;0;0;0;0;1;0;1
201;Seiurus_noveboracensis;18.7;4.5;ground;1;0;0;0;1;0;1;0;0;1;0;0;1;0;0;0;0;1
202;Selasphorus_rufus;3.5;2;canopy;1;0;0;0;0;0;1;1;0;1;0;0;0;0;0;1;0;0
203;Serinus_serinus;11.25;4;canopy;1;0;0;0;1;0;1;0;0;1;0;0;0;0;0;1;0;0
204;Setophaga_ruticilla;9.25;3.5;canopy;1;0;0;0;0;0;1;1;1;1;1;0;0;0;0;0;0;1
205;Sialia_currucoides;30;4.5;hole;1;0;0;0;1;0;1;1;1;1;1;0;0;0;0;1;0;1
206;Sialia_mexicana;29;5;hole;1;0;0;0;1;0;1;0;0;1;1;0;0;0;0;1;0;1
207;Sialia_sialis;30.5;4;hole;1;0;0;0;1;0;0;0;0;1;1;0;0;0;0;1;0;1
208;Sitta_canadensis;10.5;6;hole;1;0;0;0;0;1;1;0;0;1;0;0;0;0;1;1;0;1
209;Sitta_carolinensis;21.5;5;hole;0;0;0;0;0;1;1;0;0;1;0;0;0;0;1;1;0;1
210;Sitta_europaea;22.5;5;hole;0;0;0;0;0;1;1;0;0;1;0;0;0;0;1;1;0;1
211;Sitta_pygmaea;10.5;7;hole;0;0;0;0;0;1;1;0;0;1;0;0;0;0;1;1;0;1
212;Sphyrapicus_nuchalis;52.4;4.5;hole;1;0;0;0;0;1;0;0;0;1;0;0;0;0;1;1;0;1
213;Sphyrapicus_thyroideus;54;2.5;hole;0;0;0;0;0;1;0;0;0;1;0;0;0;0;1;1;0;1
214;Spizella_breweri;11.5;4;canopy;1;0;0;0;1;0;1;0;0;1;0;0;0;0;0;1;0;1
215;Spizella_passerina;12.9;4;canopy;1;0;0;0;1;0;1;0;0;1;0;0;0;0;0;1;0;1
216;Stellula_calliope;3.15;4.5;canopy;1;0;0;0;0;0;1;0;0;1;0;0;0;0;0;1;0;0
217;Streptopelia_orientalis;219.5;2;canopy;1;0;0;0;1;0;1;0;0;1;0;0;0;0;0;1;0;1
218;Streptopelia_turtur;134;2;canopy;1;0;0;0;1;0;0;0;0;1;0;0;0;0;0;1;0;1
219;Sturnella_neglecta;97.7;4.5;ground;1;0;0;0;1;0;0;0;0;1;0;0;0;0;1;1;0;1
220;Sturnus_cineraceus;81.5;6.5;hole;1;0;0;0;1;0;1;0;0;1;0;0;0;0;0;0;0;1
221;Sturnus_vulgaris;77.5;5.5;hole;0;0;0;0;1;1;1;0;0;1;0;0;0;0;0;1;0;1
222;Surnia_ulula;329;7;canopy;0;1;0;0;1;1;1;1;1;0;1;0;0;0;0;0;1;0
223;Sylvia_atricapilla;20;5;canopy;1;0;0;0;0;0;1;0;0;1;0;0;0;0;0;1;0;1
224;Sylvia_borin;19;5;canopy;1;0;0;0;0;0;1;1;1;1;0;0;0;0;0;1;0;1
225;Sylvia_cantillans;11.5;5;canopy;1;0;0;0;0;0;1;0;0;1;0;0;0;0;0;1;0;1
226;Sylvia_communis;1615.5;5;canopy;1;0;0;0;0;0;1;0;0;1;0;0;0;0;0;1;0;1
227;Sylvia_conspicillata;10.5;4.5;canopy;1;0;0;0;0;0;1;0;0;1;0;0;0;0;0;0;0;1
228;Sylvia_curruca;13.75;5;canopy;1;0;0;0;0;0;1;0;0;1;0;0;0;0;0;0;0;1
229;Sylvia_melanocephala;18.5;4.5;canopy;1;0;0;0;0;0;1;0;0;1;0;0;0;0;0;1;0;1
230;Sylvia_undata;8.5;4;canopy;0;0;0;0;0;0;1;0;0;1;0;0;0;0;0;1;0;1
231;Tachycineta_bicolor;19;4;hole;1;0;0;0;0;0;0;1;1;1;1;0;0;0;0;0;0;1
232;Tachycineta_thalassina;15;5;hole;1;0;0;0;0;0;0;1;1;1;1;0;0;0;0;0;0;1
233;Tetrao_urogallus;2900;7;ground;0;0;0;0;1;0;1;0;0;1;0;1;0;0;0;1;0;1
234;Thryomanes_bewickii;9;5;hole;0;0;0;0;1;0;1;0;0;1;0;0;0;0;0;0;0;1
235;Tringa_ochropus;86;3;ground;1;0;1;1;1;0;0;0;0;1;0;0;0;0;1;0;0;1
236;Troglodytes_aedon;11.5;6;hole;1;0;0;0;1;1;1;0;0;1;0;0;0;0;0;0;0;1
237;Troglodytes_pacificus;10;6;hole;1;0;0;0;1;1;1;0;0;1;0;0;0;0;0;0;0;1
238;Troglodytes_troglodytes;9;6;hole;1;0;0;0;1;1;1;0;0;1;0;0;0;0;0;0;0;1
239;Turdus_iliacus;63;5;ground;1;0;0;0;1;1;1;0;0;1;0;0;0;0;0;1;0;1
240;Turdus_merula;95;4;canopy;0;0;0;0;1;0;1;0;0;1;0;0;1;0;0;1;0;1
241;Turdus_migratorius;76.5;4;canopy;1;0;0;0;1;0;1;0;0;1;0;0;0;0;0;1;0;1
242;Turdus_obscurus;89;5;canopy;1;0;0;0;1;0;1;0;0;1;0;0;0;0;0;1;0;1
243;Turdus_pallidus;77;4.5;canopy;1;0;0;0;1;0;1;0;0;1;0;0;0;0;0;1;0;1
244;Turdus_philomelos;78.5;5;canopy;1;0;0;0;1;0;1;0;0;1;0;0;1;0;0;1;0;1
245;Turdus_pilaris;111;5.5;canopy;1;0;0;0;1;0;1;0;0;1;0;0;1;0;0;1;0;1
246;Turdus_torquatus;114;4;canopy;1;0;0;0;1;0;1;0;0;1;0;0;0;0;0;1;0;1
247;Turdus_viscivorus;130;4;canopy;0;0;0;0;1;0;1;0;0;1;0;0;1;0;0;1;0;1
248;Tyrannus_tyrannus;41;3.5;canopy;1;0;0;0;0;0;0;1;1;0;1;0;0;0;0;0;0;1
249;Upupa_epops;67.5;6;hole;1;0;0;0;1;0;0;0;0;1;0;0;1;0;0;0;0;1
250;Vermivora_celata;9.5;5;ground;1;0;0;0;0;0;1;0;0;1;0;0;0;0;0;0;0;1
251;Vermivora_ruficapilla;10.3;4.5;ground;1;0;0;0;0;0;1;0;0;1;0;0;0;0;0;0;0;1
252;Vireo_cassinii;15.5;3.5;canopy;1;0;0;0;0;0;1;0;0;1;0;0;0;0;0;0;0;1
253;Vireo_gilvus;14.7;4;canopy;1;0;0;0;0;0;1;0;0;1;0;0;0;0;0;0;0;1
254;Vireo_olivaceus;17;4;canopy;1;0;0;0;0;0;1;0;0;1;0;0;0;0;0;0;0;1
255;Vireo_plumbeus;14.15;4;canopy;1;0;0;0;0;0;1;0;0;1;0;0;0;0;0;0;0;1
256;Wilsonia_pusilla;7.5;5;ground;1;0;0;0;0;0;1;0;0;1;0;0;0;0;0;0;0;1
257;Zenaida_macroura;130.5;2;canopy;0;0;0;0;1;0;1;0;0;1;0;0;0;0;0;1;0;0
258;Zonotrichia_leucophrys;29.75;4.5;ground;1;0;0;0;1;0;1;0;0;1;0;0;0;0;0;0;0;1
259;Zoothera_dauma;109;4;canopy;0;0;0;0;1;0;1;0;0;1;0;0;0;0;0;1;0;1
260;Zoothera_naevia;82.5;4;canopy;1;0;0;0;1;0;1;0;0;1;0;0;0;0;0;0;0;1
